;value;WeekDays;Month;MonthShort;WeekOfYear;CalendarQuarter;FiscalQuarter;CalendarYear;FiscalYear;FiscalPeriod
1;01/10/2018;seg;10;out;40;Q4;Q1;2018;2019;P01
2;02/10/2018;ter;10;out;40;Q4;Q1;2018;2019;P01
3;03/10/2018;qua;10;out;40;Q4;Q1;2018;2019;P01
4;04/10/2018;qui;10;out;40;Q4;Q1;2018;2019;P01
5;05/10/2018;sex;10;out;40;Q4;Q1;2018;2019;P01
6;06/10/2018;sáb;10;out;40;Q4;Q1;2018;2019;P01
7;07/10/2018;dom;10;out;40;Q4;Q1;2018;2019;P01
8;08/10/2018;seg;10;out;41;Q4;Q1;2018;2019;P01
9;09/10/2018;ter;10;out;41;Q4;Q1;2018;2019;P01
10;10/10/2018;qua;10;out;41;Q4;Q1;2018;2019;P01
11;11/10/2018;qui;10;out;41;Q4;Q1;2018;2019;P01
12;12/10/2018;sex;10;out;41;Q4;Q1;2018;2019;P01
13;13/10/2018;sáb;10;out;41;Q4;Q1;2018;2019;P01
14;14/10/2018;dom;10;out;41;Q4;Q1;2018;2019;P01
15;15/10/2018;seg;10;out;42;Q4;Q1;2018;2019;P01
16;16/10/2018;ter;10;out;42;Q4;Q1;2018;2019;P01
17;17/10/2018;qua;10;out;42;Q4;Q1;2018;2019;P01
18;18/10/2018;qui;10;out;42;Q4;Q1;2018;2019;P01
19;19/10/2018;sex;10;out;42;Q4;Q1;2018;2019;P01
20;20/10/2018;sáb;10;out;42;Q4;Q1;2018;2019;P01
21;21/10/2018;dom;10;out;42;Q4;Q1;2018;2019;P01
22;22/10/2018;seg;10;out;43;Q4;Q1;2018;2019;P01
23;23/10/2018;ter;10;out;43;Q4;Q1;2018;2019;P01
24;24/10/2018;qua;10;out;43;Q4;Q1;2018;2019;P01
25;25/10/2018;qui;10;out;43;Q4;Q1;2018;2019;P01
26;26/10/2018;sex;10;out;43;Q4;Q1;2018;2019;P01
27;27/10/2018;sáb;10;out;43;Q4;Q1;2018;2019;P01
28;28/10/2018;dom;10;out;43;Q4;Q1;2018;2019;P01
29;29/10/2018;seg;10;out;44;Q4;Q1;2018;2019;P01
30;30/10/2018;ter;10;out;44;Q4;Q1;2018;2019;P01
31;31/10/2018;qua;10;out;44;Q4;Q1;2018;2019;P01
32;01/11/2018;qui;11;nov;44;Q4;Q1;2018;2019;P02
33;02/11/2018;sex;11;nov;44;Q4;Q1;2018;2019;P02
34;03/11/2018;sáb;11;nov;44;Q4;Q1;2018;2019;P02
35;04/11/2018;dom;11;nov;44;Q4;Q1;2018;2019;P02
36;05/11/2018;seg;11;nov;45;Q4;Q1;2018;2019;P02
37;06/11/2018;ter;11;nov;45;Q4;Q1;2018;2019;P02
38;07/11/2018;qua;11;nov;45;Q4;Q1;2018;2019;P02
39;08/11/2018;qui;11;nov;45;Q4;Q1;2018;2019;P02
40;09/11/2018;sex;11;nov;45;Q4;Q1;2018;2019;P02
41;10/11/2018;sáb;11;nov;45;Q4;Q1;2018;2019;P02
42;11/11/2018;dom;11;nov;45;Q4;Q1;2018;2019;P02
43;12/11/2018;seg;11;nov;46;Q4;Q1;2018;2019;P02
44;13/11/2018;ter;11;nov;46;Q4;Q1;2018;2019;P02
45;14/11/2018;qua;11;nov;46;Q4;Q1;2018;2019;P02
46;15/11/2018;qui;11;nov;46;Q4;Q1;2018;2019;P02
47;16/11/2018;sex;11;nov;46;Q4;Q1;2018;2019;P02
48;17/11/2018;sáb;11;nov;46;Q4;Q1;2018;2019;P02
49;18/11/2018;dom;11;nov;46;Q4;Q1;2018;2019;P02
50;19/11/2018;seg;11;nov;47;Q4;Q1;2018;2019;P02
51;20/11/2018;ter;11;nov;47;Q4;Q1;2018;2019;P02
52;21/11/2018;qua;11;nov;47;Q4;Q1;2018;2019;P02
53;22/11/2018;qui;11;nov;47;Q4;Q1;2018;2019;P02
54;23/11/2018;sex;11;nov;47;Q4;Q1;2018;2019;P02
55;24/11/2018;sáb;11;nov;47;Q4;Q1;2018;2019;P02
56;25/11/2018;dom;11;nov;47;Q4;Q1;2018;2019;P02
57;26/11/2018;seg;11;nov;48;Q4;Q1;2018;2019;P02
58;27/11/2018;ter;11;nov;48;Q4;Q1;2018;2019;P02
59;28/11/2018;qua;11;nov;48;Q4;Q1;2018;2019;P02
60;29/11/2018;qui;11;nov;48;Q4;Q1;2018;2019;P02
61;30/11/2018;sex;11;nov;48;Q4;Q1;2018;2019;P02
62;01/12/2018;sáb;12;dez;48;Q4;Q1;2018;2019;P03
63;02/12/2018;dom;12;dez;48;Q4;Q1;2018;2019;P03
64;03/12/2018;seg;12;dez;49;Q4;Q1;2018;2019;P03
65;04/12/2018;ter;12;dez;49;Q4;Q1;2018;2019;P03
66;05/12/2018;qua;12;dez;49;Q4;Q1;2018;2019;P03
67;06/12/2018;qui;12;dez;49;Q4;Q1;2018;2019;P03
68;07/12/2018;sex;12;dez;49;Q4;Q1;2018;2019;P03
69;08/12/2018;sáb;12;dez;49;Q4;Q1;2018;2019;P03
70;09/12/2018;dom;12;dez;49;Q4;Q1;2018;2019;P03
71;10/12/2018;seg;12;dez;50;Q4;Q1;2018;2019;P03
72;11/12/2018;ter;12;dez;50;Q4;Q1;2018;2019;P03
73;12/12/2018;qua;12;dez;50;Q4;Q1;2018;2019;P03
74;13/12/2018;qui;12;dez;50;Q4;Q1;2018;2019;P03
75;14/12/2018;sex;12;dez;50;Q4;Q1;2018;2019;P03
76;15/12/2018;sáb;12;dez;50;Q4;Q1;2018;2019;P03
77;16/12/2018;dom;12;dez;50;Q4;Q1;2018;2019;P03
78;17/12/2018;seg;12;dez;51;Q4;Q1;2018;2019;P03
79;18/12/2018;ter;12;dez;51;Q4;Q1;2018;2019;P03
80;19/12/2018;qua;12;dez;51;Q4;Q1;2018;2019;P03
81;20/12/2018;qui;12;dez;51;Q4;Q1;2018;2019;P03
82;21/12/2018;sex;12;dez;51;Q4;Q1;2018;2019;P03
83;22/12/2018;sáb;12;dez;51;Q4;Q1;2018;2019;P03
84;23/12/2018;dom;12;dez;51;Q4;Q1;2018;2019;P03
85;24/12/2018;seg;12;dez;52;Q4;Q1;2018;2019;P03
86;25/12/2018;ter;12;dez;52;Q4;Q1;2018;2019;P03
87;26/12/2018;qua;12;dez;52;Q4;Q1;2018;2019;P03
88;27/12/2018;qui;12;dez;52;Q4;Q1;2018;2019;P03
89;28/12/2018;sex;12;dez;52;Q4;Q1;2018;2019;P03
90;29/12/2018;sáb;12;dez;52;Q4;Q1;2018;2019;P03
91;30/12/2018;dom;12;dez;52;Q4;Q1;2018;2019;P03
92;31/12/2018;seg;12;dez;53;Q4;Q1;2018;2019;P03
93;01/01/2019;ter;1;jan;1;Q1;Q2;2019;2019;P04
94;02/01/2019;qua;1;jan;1;Q1;Q2;2019;2019;P04
95;03/01/2019;qui;1;jan;1;Q1;Q2;2019;2019;P04
96;04/01/2019;sex;1;jan;1;Q1;Q2;2019;2019;P04
97;05/01/2019;sáb;1;jan;1;Q1;Q2;2019;2019;P04
98;06/01/2019;dom;1;jan;1;Q1;Q2;2019;2019;P04
99;07/01/2019;seg;1;jan;1;Q1;Q2;2019;2019;P04
100;08/01/2019;ter;1;jan;2;Q1;Q2;2019;2019;P04
101;09/01/2019;qua;1;jan;2;Q1;Q2;2019;2019;P04
102;10/01/2019;qui;1;jan;2;Q1;Q2;2019;2019;P04
103;11/01/2019;sex;1;jan;2;Q1;Q2;2019;2019;P04
104;12/01/2019;sáb;1;jan;2;Q1;Q2;2019;2019;P04
105;13/01/2019;dom;1;jan;2;Q1;Q2;2019;2019;P04
106;14/01/2019;seg;1;jan;2;Q1;Q2;2019;2019;P04
107;15/01/2019;ter;1;jan;3;Q1;Q2;2019;2019;P04
108;16/01/2019;qua;1;jan;3;Q1;Q2;2019;2019;P04
109;17/01/2019;qui;1;jan;3;Q1;Q2;2019;2019;P04
110;18/01/2019;sex;1;jan;3;Q1;Q2;2019;2019;P04
111;19/01/2019;sáb;1;jan;3;Q1;Q2;2019;2019;P04
112;20/01/2019;dom;1;jan;3;Q1;Q2;2019;2019;P04
113;21/01/2019;seg;1;jan;3;Q1;Q2;2019;2019;P04
114;22/01/2019;ter;1;jan;4;Q1;Q2;2019;2019;P04
115;23/01/2019;qua;1;jan;4;Q1;Q2;2019;2019;P04
116;24/01/2019;qui;1;jan;4;Q1;Q2;2019;2019;P04
117;25/01/2019;sex;1;jan;4;Q1;Q2;2019;2019;P04
118;26/01/2019;sáb;1;jan;4;Q1;Q2;2019;2019;P04
119;27/01/2019;dom;1;jan;4;Q1;Q2;2019;2019;P04
120;28/01/2019;seg;1;jan;4;Q1;Q2;2019;2019;P04
121;29/01/2019;ter;1;jan;5;Q1;Q2;2019;2019;P04
122;30/01/2019;qua;1;jan;5;Q1;Q2;2019;2019;P04
123;31/01/2019;qui;1;jan;5;Q1;Q2;2019;2019;P04
124;01/02/2019;sex;2;fev;5;Q1;Q2;2019;2019;P05
125;02/02/2019;sáb;2;fev;5;Q1;Q2;2019;2019;P05
126;03/02/2019;dom;2;fev;5;Q1;Q2;2019;2019;P05
127;04/02/2019;seg;2;fev;5;Q1;Q2;2019;2019;P05
128;05/02/2019;ter;2;fev;6;Q1;Q2;2019;2019;P05
129;06/02/2019;qua;2;fev;6;Q1;Q2;2019;2019;P05
130;07/02/2019;qui;2;fev;6;Q1;Q2;2019;2019;P05
131;08/02/2019;sex;2;fev;6;Q1;Q2;2019;2019;P05
132;09/02/2019;sáb;2;fev;6;Q1;Q2;2019;2019;P05
133;10/02/2019;dom;2;fev;6;Q1;Q2;2019;2019;P05
134;11/02/2019;seg;2;fev;6;Q1;Q2;2019;2019;P05
135;12/02/2019;ter;2;fev;7;Q1;Q2;2019;2019;P05
136;13/02/2019;qua;2;fev;7;Q1;Q2;2019;2019;P05
137;14/02/2019;qui;2;fev;7;Q1;Q2;2019;2019;P05
138;15/02/2019;sex;2;fev;7;Q1;Q2;2019;2019;P05
139;16/02/2019;sáb;2;fev;7;Q1;Q2;2019;2019;P05
140;17/02/2019;dom;2;fev;7;Q1;Q2;2019;2019;P05
141;18/02/2019;seg;2;fev;7;Q1;Q2;2019;2019;P05
142;19/02/2019;ter;2;fev;8;Q1;Q2;2019;2019;P05
143;20/02/2019;qua;2;fev;8;Q1;Q2;2019;2019;P05
144;21/02/2019;qui;2;fev;8;Q1;Q2;2019;2019;P05
145;22/02/2019;sex;2;fev;8;Q1;Q2;2019;2019;P05
146;23/02/2019;sáb;2;fev;8;Q1;Q2;2019;2019;P05
147;24/02/2019;dom;2;fev;8;Q1;Q2;2019;2019;P05
148;25/02/2019;seg;2;fev;8;Q1;Q2;2019;2019;P05
149;26/02/2019;ter;2;fev;9;Q1;Q2;2019;2019;P05
150;27/02/2019;qua;2;fev;9;Q1;Q2;2019;2019;P05
151;28/02/2019;qui;2;fev;9;Q1;Q2;2019;2019;P05
152;01/03/2019;sex;3;mar;9;Q1;Q2;2019;2019;P06
153;02/03/2019;sáb;3;mar;9;Q1;Q2;2019;2019;P06
154;03/03/2019;dom;3;mar;9;Q1;Q2;2019;2019;P06
155;04/03/2019;seg;3;mar;9;Q1;Q2;2019;2019;P06
156;05/03/2019;ter;3;mar;10;Q1;Q2;2019;2019;P06
157;06/03/2019;qua;3;mar;10;Q1;Q2;2019;2019;P06
158;07/03/2019;qui;3;mar;10;Q1;Q2;2019;2019;P06
159;08/03/2019;sex;3;mar;10;Q1;Q2;2019;2019;P06
160;09/03/2019;sáb;3;mar;10;Q1;Q2;2019;2019;P06
161;10/03/2019;dom;3;mar;10;Q1;Q2;2019;2019;P06
162;11/03/2019;seg;3;mar;10;Q1;Q2;2019;2019;P06
163;12/03/2019;ter;3;mar;11;Q1;Q2;2019;2019;P06
164;13/03/2019;qua;3;mar;11;Q1;Q2;2019;2019;P06
165;14/03/2019;qui;3;mar;11;Q1;Q2;2019;2019;P06
166;15/03/2019;sex;3;mar;11;Q1;Q2;2019;2019;P06
167;16/03/2019;sáb;3;mar;11;Q1;Q2;2019;2019;P06
168;17/03/2019;dom;3;mar;11;Q1;Q2;2019;2019;P06
169;18/03/2019;seg;3;mar;11;Q1;Q2;2019;2019;P06
170;19/03/2019;ter;3;mar;12;Q1;Q2;2019;2019;P06
171;20/03/2019;qua;3;mar;12;Q1;Q2;2019;2019;P06
172;21/03/2019;qui;3;mar;12;Q1;Q2;2019;2019;P06
173;22/03/2019;sex;3;mar;12;Q1;Q2;2019;2019;P06
174;23/03/2019;sáb;3;mar;12;Q1;Q2;2019;2019;P06
175;24/03/2019;dom;3;mar;12;Q1;Q2;2019;2019;P06
176;25/03/2019;seg;3;mar;12;Q1;Q2;2019;2019;P06
177;26/03/2019;ter;3;mar;13;Q1;Q2;2019;2019;P06
178;27/03/2019;qua;3;mar;13;Q1;Q2;2019;2019;P06
179;28/03/2019;qui;3;mar;13;Q1;Q2;2019;2019;P06
180;29/03/2019;sex;3;mar;13;Q1;Q2;2019;2019;P06
181;30/03/2019;sáb;3;mar;13;Q1;Q2;2019;2019;P06
182;31/03/2019;dom;3;mar;13;Q1;Q2;2019;2019;P06
183;01/04/2019;seg;4;abr;13;Q2;Q3;2019;2019;P07
184;02/04/2019;ter;4;abr;14;Q2;Q3;2019;2019;P07
185;03/04/2019;qua;4;abr;14;Q2;Q3;2019;2019;P07
186;04/04/2019;qui;4;abr;14;Q2;Q3;2019;2019;P07
187;05/04/2019;sex;4;abr;14;Q2;Q3;2019;2019;P07
188;06/04/2019;sáb;4;abr;14;Q2;Q3;2019;2019;P07
189;07/04/2019;dom;4;abr;14;Q2;Q3;2019;2019;P07
190;08/04/2019;seg;4;abr;14;Q2;Q3;2019;2019;P07
191;09/04/2019;ter;4;abr;15;Q2;Q3;2019;2019;P07
192;10/04/2019;qua;4;abr;15;Q2;Q3;2019;2019;P07
193;11/04/2019;qui;4;abr;15;Q2;Q3;2019;2019;P07
194;12/04/2019;sex;4;abr;15;Q2;Q3;2019;2019;P07
195;13/04/2019;sáb;4;abr;15;Q2;Q3;2019;2019;P07
196;14/04/2019;dom;4;abr;15;Q2;Q3;2019;2019;P07
197;15/04/2019;seg;4;abr;15;Q2;Q3;2019;2019;P07
198;16/04/2019;ter;4;abr;16;Q2;Q3;2019;2019;P07
199;17/04/2019;qua;4;abr;16;Q2;Q3;2019;2019;P07
200;18/04/2019;qui;4;abr;16;Q2;Q3;2019;2019;P07
201;19/04/2019;sex;4;abr;16;Q2;Q3;2019;2019;P07
202;20/04/2019;sáb;4;abr;16;Q2;Q3;2019;2019;P07
203;21/04/2019;dom;4;abr;16;Q2;Q3;2019;2019;P07
204;22/04/2019;seg;4;abr;16;Q2;Q3;2019;2019;P07
205;23/04/2019;ter;4;abr;17;Q2;Q3;2019;2019;P07
206;24/04/2019;qua;4;abr;17;Q2;Q3;2019;2019;P07
207;25/04/2019;qui;4;abr;17;Q2;Q3;2019;2019;P07
208;26/04/2019;sex;4;abr;17;Q2;Q3;2019;2019;P07
209;27/04/2019;sáb;4;abr;17;Q2;Q3;2019;2019;P07
210;28/04/2019;dom;4;abr;17;Q2;Q3;2019;2019;P07
211;29/04/2019;seg;4;abr;17;Q2;Q3;2019;2019;P07
212;30/04/2019;ter;4;abr;18;Q2;Q3;2019;2019;P07
213;01/05/2019;qua;5;mai;18;Q2;Q3;2019;2019;P08
214;02/05/2019;qui;5;mai;18;Q2;Q3;2019;2019;P08
215;03/05/2019;sex;5;mai;18;Q2;Q3;2019;2019;P08
216;04/05/2019;sáb;5;mai;18;Q2;Q3;2019;2019;P08
217;05/05/2019;dom;5;mai;18;Q2;Q3;2019;2019;P08
218;06/05/2019;seg;5;mai;18;Q2;Q3;2019;2019;P08
219;07/05/2019;ter;5;mai;19;Q2;Q3;2019;2019;P08
220;08/05/2019;qua;5;mai;19;Q2;Q3;2019;2019;P08
221;09/05/2019;qui;5;mai;19;Q2;Q3;2019;2019;P08
222;10/05/2019;sex;5;mai;19;Q2;Q3;2019;2019;P08
223;11/05/2019;sáb;5;mai;19;Q2;Q3;2019;2019;P08
224;12/05/2019;dom;5;mai;19;Q2;Q3;2019;2019;P08
225;13/05/2019;seg;5;mai;19;Q2;Q3;2019;2019;P08
226;14/05/2019;ter;5;mai;20;Q2;Q3;2019;2019;P08
227;15/05/2019;qua;5;mai;20;Q2;Q3;2019;2019;P08
228;16/05/2019;qui;5;mai;20;Q2;Q3;2019;2019;P08
229;17/05/2019;sex;5;mai;20;Q2;Q3;2019;2019;P08
230;18/05/2019;sáb;5;mai;20;Q2;Q3;2019;2019;P08
231;19/05/2019;dom;5;mai;20;Q2;Q3;2019;2019;P08
232;20/05/2019;seg;5;mai;20;Q2;Q3;2019;2019;P08
233;21/05/2019;ter;5;mai;21;Q2;Q3;2019;2019;P08
234;22/05/2019;qua;5;mai;21;Q2;Q3;2019;2019;P08
235;23/05/2019;qui;5;mai;21;Q2;Q3;2019;2019;P08
236;24/05/2019;sex;5;mai;21;Q2;Q3;2019;2019;P08
237;25/05/2019;sáb;5;mai;21;Q2;Q3;2019;2019;P08
238;26/05/2019;dom;5;mai;21;Q2;Q3;2019;2019;P08
239;27/05/2019;seg;5;mai;21;Q2;Q3;2019;2019;P08
240;28/05/2019;ter;5;mai;22;Q2;Q3;2019;2019;P08
241;29/05/2019;qua;5;mai;22;Q2;Q3;2019;2019;P08
242;30/05/2019;qui;5;mai;22;Q2;Q3;2019;2019;P08
243;31/05/2019;sex;5;mai;22;Q2;Q3;2019;2019;P08
244;01/06/2019;sáb;6;jun;22;Q2;Q3;2019;2019;P09
245;02/06/2019;dom;6;jun;22;Q2;Q3;2019;2019;P09
246;03/06/2019;seg;6;jun;22;Q2;Q3;2019;2019;P09
247;04/06/2019;ter;6;jun;23;Q2;Q3;2019;2019;P09
248;05/06/2019;qua;6;jun;23;Q2;Q3;2019;2019;P09
249;06/06/2019;qui;6;jun;23;Q2;Q3;2019;2019;P09
250;07/06/2019;sex;6;jun;23;Q2;Q3;2019;2019;P09
251;08/06/2019;sáb;6;jun;23;Q2;Q3;2019;2019;P09
252;09/06/2019;dom;6;jun;23;Q2;Q3;2019;2019;P09
253;10/06/2019;seg;6;jun;23;Q2;Q3;2019;2019;P09
254;11/06/2019;ter;6;jun;24;Q2;Q3;2019;2019;P09
255;12/06/2019;qua;6;jun;24;Q2;Q3;2019;2019;P09
256;13/06/2019;qui;6;jun;24;Q2;Q3;2019;2019;P09
257;14/06/2019;sex;6;jun;24;Q2;Q3;2019;2019;P09
258;15/06/2019;sáb;6;jun;24;Q2;Q3;2019;2019;P09
259;16/06/2019;dom;6;jun;24;Q2;Q3;2019;2019;P09
260;17/06/2019;seg;6;jun;24;Q2;Q3;2019;2019;P09
261;18/06/2019;ter;6;jun;25;Q2;Q3;2019;2019;P09
262;19/06/2019;qua;6;jun;25;Q2;Q3;2019;2019;P09
263;20/06/2019;qui;6;jun;25;Q2;Q3;2019;2019;P09
264;21/06/2019;sex;6;jun;25;Q2;Q3;2019;2019;P09
265;22/06/2019;sáb;6;jun;25;Q2;Q3;2019;2019;P09
266;23/06/2019;dom;6;jun;25;Q2;Q3;2019;2019;P09
267;24/06/2019;seg;6;jun;25;Q2;Q3;2019;2019;P09
268;25/06/2019;ter;6;jun;26;Q2;Q3;2019;2019;P09
269;26/06/2019;qua;6;jun;26;Q2;Q3;2019;2019;P09
270;27/06/2019;qui;6;jun;26;Q2;Q3;2019;2019;P09
271;28/06/2019;sex;6;jun;26;Q2;Q3;2019;2019;P09
272;29/06/2019;sáb;6;jun;26;Q2;Q3;2019;2019;P09
273;30/06/2019;dom;6;jun;26;Q2;Q3;2019;2019;P09
274;01/07/2019;seg;7;jul;26;Q3;Q4;2019;2019;P10
275;02/07/2019;ter;7;jul;27;Q3;Q4;2019;2019;P10
276;03/07/2019;qua;7;jul;27;Q3;Q4;2019;2019;P10
277;04/07/2019;qui;7;jul;27;Q3;Q4;2019;2019;P10
278;05/07/2019;sex;7;jul;27;Q3;Q4;2019;2019;P10
279;06/07/2019;sáb;7;jul;27;Q3;Q4;2019;2019;P10
280;07/07/2019;dom;7;jul;27;Q3;Q4;2019;2019;P10
281;08/07/2019;seg;7;jul;27;Q3;Q4;2019;2019;P10
282;09/07/2019;ter;7;jul;28;Q3;Q4;2019;2019;P10
283;10/07/2019;qua;7;jul;28;Q3;Q4;2019;2019;P10
284;11/07/2019;qui;7;jul;28;Q3;Q4;2019;2019;P10
285;12/07/2019;sex;7;jul;28;Q3;Q4;2019;2019;P10
286;13/07/2019;sáb;7;jul;28;Q3;Q4;2019;2019;P10
287;14/07/2019;dom;7;jul;28;Q3;Q4;2019;2019;P10
288;15/07/2019;seg;7;jul;28;Q3;Q4;2019;2019;P10
289;16/07/2019;ter;7;jul;29;Q3;Q4;2019;2019;P10
290;17/07/2019;qua;7;jul;29;Q3;Q4;2019;2019;P10
291;18/07/2019;qui;7;jul;29;Q3;Q4;2019;2019;P10
292;19/07/2019;sex;7;jul;29;Q3;Q4;2019;2019;P10
293;20/07/2019;sáb;7;jul;29;Q3;Q4;2019;2019;P10
294;21/07/2019;dom;7;jul;29;Q3;Q4;2019;2019;P10
295;22/07/2019;seg;7;jul;29;Q3;Q4;2019;2019;P10
296;23/07/2019;ter;7;jul;30;Q3;Q4;2019;2019;P10
297;24/07/2019;qua;7;jul;30;Q3;Q4;2019;2019;P10
298;25/07/2019;qui;7;jul;30;Q3;Q4;2019;2019;P10
299;26/07/2019;sex;7;jul;30;Q3;Q4;2019;2019;P10
300;27/07/2019;sáb;7;jul;30;Q3;Q4;2019;2019;P10
301;28/07/2019;dom;7;jul;30;Q3;Q4;2019;2019;P10
302;29/07/2019;seg;7;jul;30;Q3;Q4;2019;2019;P10
303;30/07/2019;ter;7;jul;31;Q3;Q4;2019;2019;P10
304;31/07/2019;qua;7;jul;31;Q3;Q4;2019;2019;P10
305;01/08/2019;qui;8;ago;31;Q3;Q4;2019;2019;P11
306;02/08/2019;sex;8;ago;31;Q3;Q4;2019;2019;P11
307;03/08/2019;sáb;8;ago;31;Q3;Q4;2019;2019;P11
308;04/08/2019;dom;8;ago;31;Q3;Q4;2019;2019;P11
309;05/08/2019;seg;8;ago;31;Q3;Q4;2019;2019;P11
310;06/08/2019;ter;8;ago;32;Q3;Q4;2019;2019;P11
311;07/08/2019;qua;8;ago;32;Q3;Q4;2019;2019;P11
312;08/08/2019;qui;8;ago;32;Q3;Q4;2019;2019;P11
313;09/08/2019;sex;8;ago;32;Q3;Q4;2019;2019;P11
314;10/08/2019;sáb;8;ago;32;Q3;Q4;2019;2019;P11
315;11/08/2019;dom;8;ago;32;Q3;Q4;2019;2019;P11
316;12/08/2019;seg;8;ago;32;Q3;Q4;2019;2019;P11
317;13/08/2019;ter;8;ago;33;Q3;Q4;2019;2019;P11
318;14/08/2019;qua;8;ago;33;Q3;Q4;2019;2019;P11
319;15/08/2019;qui;8;ago;33;Q3;Q4;2019;2019;P11
320;16/08/2019;sex;8;ago;33;Q3;Q4;2019;2019;P11
321;17/08/2019;sáb;8;ago;33;Q3;Q4;2019;2019;P11
322;18/08/2019;dom;8;ago;33;Q3;Q4;2019;2019;P11
323;19/08/2019;seg;8;ago;33;Q3;Q4;2019;2019;P11
324;20/08/2019;ter;8;ago;34;Q3;Q4;2019;2019;P11
325;21/08/2019;qua;8;ago;34;Q3;Q4;2019;2019;P11
326;22/08/2019;qui;8;ago;34;Q3;Q4;2019;2019;P11
327;23/08/2019;sex;8;ago;34;Q3;Q4;2019;2019;P11
328;24/08/2019;sáb;8;ago;34;Q3;Q4;2019;2019;P11
329;25/08/2019;dom;8;ago;34;Q3;Q4;2019;2019;P11
330;26/08/2019;seg;8;ago;34;Q3;Q4;2019;2019;P11
331;27/08/2019;ter;8;ago;35;Q3;Q4;2019;2019;P11
332;28/08/2019;qua;8;ago;35;Q3;Q4;2019;2019;P11
333;29/08/2019;qui;8;ago;35;Q3;Q4;2019;2019;P11
334;30/08/2019;sex;8;ago;35;Q3;Q4;2019;2019;P11
335;31/08/2019;sáb;8;ago;35;Q3;Q4;2019;2019;P11
336;01/09/2019;dom;9;set;35;Q3;Q4;2019;2019;P12
337;02/09/2019;seg;9;set;35;Q3;Q4;2019;2019;P12
338;03/09/2019;ter;9;set;36;Q3;Q4;2019;2019;P12
339;04/09/2019;qua;9;set;36;Q3;Q4;2019;2019;P12
340;05/09/2019;qui;9;set;36;Q3;Q4;2019;2019;P12
341;06/09/2019;sex;9;set;36;Q3;Q4;2019;2019;P12
342;07/09/2019;sáb;9;set;36;Q3;Q4;2019;2019;P12
343;08/09/2019;dom;9;set;36;Q3;Q4;2019;2019;P12
344;09/09/2019;seg;9;set;36;Q3;Q4;2019;2019;P12
345;10/09/2019;ter;9;set;37;Q3;Q4;2019;2019;P12
346;11/09/2019;qua;9;set;37;Q3;Q4;2019;2019;P12
347;12/09/2019;qui;9;set;37;Q3;Q4;2019;2019;P12
348;13/09/2019;sex;9;set;37;Q3;Q4;2019;2019;P12
349;14/09/2019;sáb;9;set;37;Q3;Q4;2019;2019;P12
350;15/09/2019;dom;9;set;37;Q3;Q4;2019;2019;P12
351;16/09/2019;seg;9;set;37;Q3;Q4;2019;2019;P12
352;17/09/2019;ter;9;set;38;Q3;Q4;2019;2019;P12
353;18/09/2019;qua;9;set;38;Q3;Q4;2019;2019;P12
354;19/09/2019;qui;9;set;38;Q3;Q4;2019;2019;P12
355;20/09/2019;sex;9;set;38;Q3;Q4;2019;2019;P12
356;21/09/2019;sáb;9;set;38;Q3;Q4;2019;2019;P12
357;22/09/2019;dom;9;set;38;Q3;Q4;2019;2019;P12
358;23/09/2019;seg;9;set;38;Q3;Q4;2019;2019;P12
359;24/09/2019;ter;9;set;39;Q3;Q4;2019;2019;P12
360;25/09/2019;qua;9;set;39;Q3;Q4;2019;2019;P12
361;26/09/2019;qui;9;set;39;Q3;Q4;2019;2019;P12
362;27/09/2019;sex;9;set;39;Q3;Q4;2019;2019;P12
363;28/09/2019;sáb;9;set;39;Q3;Q4;2019;2019;P12
364;29/09/2019;dom;9;set;39;Q3;Q4;2019;2019;P12
365;30/09/2019;seg;9;set;39;Q3;Q4;2019;2019;P12
366;01/10/2019;ter;10;out;40;Q4;Q1;2019;2020;P01
367;02/10/2019;qua;10;out;40;Q4;Q1;2019;2020;P01
368;03/10/2019;qui;10;out;40;Q4;Q1;2019;2020;P01
369;04/10/2019;sex;10;out;40;Q4;Q1;2019;2020;P01
370;05/10/2019;sáb;10;out;40;Q4;Q1;2019;2020;P01
371;06/10/2019;dom;10;out;40;Q4;Q1;2019;2020;P01
372;07/10/2019;seg;10;out;40;Q4;Q1;2019;2020;P01
373;08/10/2019;ter;10;out;41;Q4;Q1;2019;2020;P01
374;09/10/2019;qua;10;out;41;Q4;Q1;2019;2020;P01
375;10/10/2019;qui;10;out;41;Q4;Q1;2019;2020;P01
376;11/10/2019;sex;10;out;41;Q4;Q1;2019;2020;P01
377;12/10/2019;sáb;10;out;41;Q4;Q1;2019;2020;P01
378;13/10/2019;dom;10;out;41;Q4;Q1;2019;2020;P01
379;14/10/2019;seg;10;out;41;Q4;Q1;2019;2020;P01
380;15/10/2019;ter;10;out;42;Q4;Q1;2019;2020;P01
381;16/10/2019;qua;10;out;42;Q4;Q1;2019;2020;P01
382;17/10/2019;qui;10;out;42;Q4;Q1;2019;2020;P01
383;18/10/2019;sex;10;out;42;Q4;Q1;2019;2020;P01
384;19/10/2019;sáb;10;out;42;Q4;Q1;2019;2020;P01
385;20/10/2019;dom;10;out;42;Q4;Q1;2019;2020;P01
386;21/10/2019;seg;10;out;42;Q4;Q1;2019;2020;P01
387;22/10/2019;ter;10;out;43;Q4;Q1;2019;2020;P01
388;23/10/2019;qua;10;out;43;Q4;Q1;2019;2020;P01
389;24/10/2019;qui;10;out;43;Q4;Q1;2019;2020;P01
390;25/10/2019;sex;10;out;43;Q4;Q1;2019;2020;P01
391;26/10/2019;sáb;10;out;43;Q4;Q1;2019;2020;P01
392;27/10/2019;dom;10;out;43;Q4;Q1;2019;2020;P01
393;28/10/2019;seg;10;out;43;Q4;Q1;2019;2020;P01
394;29/10/2019;ter;10;out;44;Q4;Q1;2019;2020;P01
395;30/10/2019;qua;10;out;44;Q4;Q1;2019;2020;P01
396;31/10/2019;qui;10;out;44;Q4;Q1;2019;2020;P01
397;01/11/2019;sex;11;nov;44;Q4;Q1;2019;2020;P02
398;02/11/2019;sáb;11;nov;44;Q4;Q1;2019;2020;P02
399;03/11/2019;dom;11;nov;44;Q4;Q1;2019;2020;P02
400;04/11/2019;seg;11;nov;44;Q4;Q1;2019;2020;P02
401;05/11/2019;ter;11;nov;45;Q4;Q1;2019;2020;P02
402;06/11/2019;qua;11;nov;45;Q4;Q1;2019;2020;P02
403;07/11/2019;qui;11;nov;45;Q4;Q1;2019;2020;P02
404;08/11/2019;sex;11;nov;45;Q4;Q1;2019;2020;P02
405;09/11/2019;sáb;11;nov;45;Q4;Q1;2019;2020;P02
406;10/11/2019;dom;11;nov;45;Q4;Q1;2019;2020;P02
407;11/11/2019;seg;11;nov;45;Q4;Q1;2019;2020;P02
408;12/11/2019;ter;11;nov;46;Q4;Q1;2019;2020;P02
409;13/11/2019;qua;11;nov;46;Q4;Q1;2019;2020;P02
410;14/11/2019;qui;11;nov;46;Q4;Q1;2019;2020;P02
411;15/11/2019;sex;11;nov;46;Q4;Q1;2019;2020;P02
412;16/11/2019;sáb;11;nov;46;Q4;Q1;2019;2020;P02
413;17/11/2019;dom;11;nov;46;Q4;Q1;2019;2020;P02
414;18/11/2019;seg;11;nov;46;Q4;Q1;2019;2020;P02
415;19/11/2019;ter;11;nov;47;Q4;Q1;2019;2020;P02
416;20/11/2019;qua;11;nov;47;Q4;Q1;2019;2020;P02
417;21/11/2019;qui;11;nov;47;Q4;Q1;2019;2020;P02
418;22/11/2019;sex;11;nov;47;Q4;Q1;2019;2020;P02
419;23/11/2019;sáb;11;nov;47;Q4;Q1;2019;2020;P02
420;24/11/2019;dom;11;nov;47;Q4;Q1;2019;2020;P02
421;25/11/2019;seg;11;nov;47;Q4;Q1;2019;2020;P02
422;26/11/2019;ter;11;nov;48;Q4;Q1;2019;2020;P02
423;27/11/2019;qua;11;nov;48;Q4;Q1;2019;2020;P02
424;28/11/2019;qui;11;nov;48;Q4;Q1;2019;2020;P02
425;29/11/2019;sex;11;nov;48;Q4;Q1;2019;2020;P02
426;30/11/2019;sáb;11;nov;48;Q4;Q1;2019;2020;P02
427;01/12/2019;dom;12;dez;48;Q4;Q1;2019;2020;P03
428;02/12/2019;seg;12;dez;48;Q4;Q1;2019;2020;P03
429;03/12/2019;ter;12;dez;49;Q4;Q1;2019;2020;P03
430;04/12/2019;qua;12;dez;49;Q4;Q1;2019;2020;P03
431;05/12/2019;qui;12;dez;49;Q4;Q1;2019;2020;P03
432;06/12/2019;sex;12;dez;49;Q4;Q1;2019;2020;P03
433;07/12/2019;sáb;12;dez;49;Q4;Q1;2019;2020;P03
434;08/12/2019;dom;12;dez;49;Q4;Q1;2019;2020;P03
435;09/12/2019;seg;12;dez;49;Q4;Q1;2019;2020;P03
436;10/12/2019;ter;12;dez;50;Q4;Q1;2019;2020;P03
437;11/12/2019;qua;12;dez;50;Q4;Q1;2019;2020;P03
438;12/12/2019;qui;12;dez;50;Q4;Q1;2019;2020;P03
439;13/12/2019;sex;12;dez;50;Q4;Q1;2019;2020;P03
440;14/12/2019;sáb;12;dez;50;Q4;Q1;2019;2020;P03
441;15/12/2019;dom;12;dez;50;Q4;Q1;2019;2020;P03
442;16/12/2019;seg;12;dez;50;Q4;Q1;2019;2020;P03
443;17/12/2019;ter;12;dez;51;Q4;Q1;2019;2020;P03
444;18/12/2019;qua;12;dez;51;Q4;Q1;2019;2020;P03
445;19/12/2019;qui;12;dez;51;Q4;Q1;2019;2020;P03
446;20/12/2019;sex;12;dez;51;Q4;Q1;2019;2020;P03
447;21/12/2019;sáb;12;dez;51;Q4;Q1;2019;2020;P03
448;22/12/2019;dom;12;dez;51;Q4;Q1;2019;2020;P03
449;23/12/2019;seg;12;dez;51;Q4;Q1;2019;2020;P03
450;24/12/2019;ter;12;dez;52;Q4;Q1;2019;2020;P03
451;25/12/2019;qua;12;dez;52;Q4;Q1;2019;2020;P03
452;26/12/2019;qui;12;dez;52;Q4;Q1;2019;2020;P03
453;27/12/2019;sex;12;dez;52;Q4;Q1;2019;2020;P03
454;28/12/2019;sáb;12;dez;52;Q4;Q1;2019;2020;P03
455;29/12/2019;dom;12;dez;52;Q4;Q1;2019;2020;P03
456;30/12/2019;seg;12;dez;52;Q4;Q1;2019;2020;P03
457;31/12/2019;ter;12;dez;53;Q4;Q1;2019;2020;P03
458;01/01/2020;qua;1;jan;1;Q1;Q2;2020;2020;P04
459;02/01/2020;qui;1;jan;1;Q1;Q2;2020;2020;P04
460;03/01/2020;sex;1;jan;1;Q1;Q2;2020;2020;P04
461;04/01/2020;sáb;1;jan;1;Q1;Q2;2020;2020;P04
462;05/01/2020;dom;1;jan;1;Q1;Q2;2020;2020;P04
463;06/01/2020;seg;1;jan;1;Q1;Q2;2020;2020;P04
464;07/01/2020;ter;1;jan;1;Q1;Q2;2020;2020;P04
465;08/01/2020;qua;1;jan;2;Q1;Q2;2020;2020;P04
466;09/01/2020;qui;1;jan;2;Q1;Q2;2020;2020;P04
467;10/01/2020;sex;1;jan;2;Q1;Q2;2020;2020;P04
468;11/01/2020;sáb;1;jan;2;Q1;Q2;2020;2020;P04
469;12/01/2020;dom;1;jan;2;Q1;Q2;2020;2020;P04
470;13/01/2020;seg;1;jan;2;Q1;Q2;2020;2020;P04
471;14/01/2020;ter;1;jan;2;Q1;Q2;2020;2020;P04
472;15/01/2020;qua;1;jan;3;Q1;Q2;2020;2020;P04
473;16/01/2020;qui;1;jan;3;Q1;Q2;2020;2020;P04
474;17/01/2020;sex;1;jan;3;Q1;Q2;2020;2020;P04
475;18/01/2020;sáb;1;jan;3;Q1;Q2;2020;2020;P04
476;19/01/2020;dom;1;jan;3;Q1;Q2;2020;2020;P04
477;20/01/2020;seg;1;jan;3;Q1;Q2;2020;2020;P04
478;21/01/2020;ter;1;jan;3;Q1;Q2;2020;2020;P04
479;22/01/2020;qua;1;jan;4;Q1;Q2;2020;2020;P04
480;23/01/2020;qui;1;jan;4;Q1;Q2;2020;2020;P04
481;24/01/2020;sex;1;jan;4;Q1;Q2;2020;2020;P04
482;25/01/2020;sáb;1;jan;4;Q1;Q2;2020;2020;P04
483;26/01/2020;dom;1;jan;4;Q1;Q2;2020;2020;P04
484;27/01/2020;seg;1;jan;4;Q1;Q2;2020;2020;P04
485;28/01/2020;ter;1;jan;4;Q1;Q2;2020;2020;P04
486;29/01/2020;qua;1;jan;5;Q1;Q2;2020;2020;P04
487;30/01/2020;qui;1;jan;5;Q1;Q2;2020;2020;P04
488;31/01/2020;sex;1;jan;5;Q1;Q2;2020;2020;P04
489;01/02/2020;sáb;2;fev;5;Q1;Q2;2020;2020;P05
490;02/02/2020;dom;2;fev;5;Q1;Q2;2020;2020;P05
491;03/02/2020;seg;2;fev;5;Q1;Q2;2020;2020;P05
492;04/02/2020;ter;2;fev;5;Q1;Q2;2020;2020;P05
493;05/02/2020;qua;2;fev;6;Q1;Q2;2020;2020;P05
494;06/02/2020;qui;2;fev;6;Q1;Q2;2020;2020;P05
495;07/02/2020;sex;2;fev;6;Q1;Q2;2020;2020;P05
496;08/02/2020;sáb;2;fev;6;Q1;Q2;2020;2020;P05
497;09/02/2020;dom;2;fev;6;Q1;Q2;2020;2020;P05
498;10/02/2020;seg;2;fev;6;Q1;Q2;2020;2020;P05
499;11/02/2020;ter;2;fev;6;Q1;Q2;2020;2020;P05
500;12/02/2020;qua;2;fev;7;Q1;Q2;2020;2020;P05
501;13/02/2020;qui;2;fev;7;Q1;Q2;2020;2020;P05
502;14/02/2020;sex;2;fev;7;Q1;Q2;2020;2020;P05
503;15/02/2020;sáb;2;fev;7;Q1;Q2;2020;2020;P05
504;16/02/2020;dom;2;fev;7;Q1;Q2;2020;2020;P05
505;17/02/2020;seg;2;fev;7;Q1;Q2;2020;2020;P05
506;18/02/2020;ter;2;fev;7;Q1;Q2;2020;2020;P05
507;19/02/2020;qua;2;fev;8;Q1;Q2;2020;2020;P05
508;20/02/2020;qui;2;fev;8;Q1;Q2;2020;2020;P05
509;21/02/2020;sex;2;fev;8;Q1;Q2;2020;2020;P05
510;22/02/2020;sáb;2;fev;8;Q1;Q2;2020;2020;P05
511;23/02/2020;dom;2;fev;8;Q1;Q2;2020;2020;P05
512;24/02/2020;seg;2;fev;8;Q1;Q2;2020;2020;P05
513;25/02/2020;ter;2;fev;8;Q1;Q2;2020;2020;P05
514;26/02/2020;qua;2;fev;9;Q1;Q2;2020;2020;P05
515;27/02/2020;qui;2;fev;9;Q1;Q2;2020;2020;P05
516;28/02/2020;sex;2;fev;9;Q1;Q2;2020;2020;P05
517;29/02/2020;sáb;2;fev;9;Q1;Q2;2020;2020;P05
518;01/03/2020;dom;3;mar;9;Q1;Q2;2020;2020;P06
519;02/03/2020;seg;3;mar;9;Q1;Q2;2020;2020;P06
520;03/03/2020;ter;3;mar;9;Q1;Q2;2020;2020;P06
521;04/03/2020;qua;3;mar;10;Q1;Q2;2020;2020;P06
522;05/03/2020;qui;3;mar;10;Q1;Q2;2020;2020;P06
523;06/03/2020;sex;3;mar;10;Q1;Q2;2020;2020;P06
524;07/03/2020;sáb;3;mar;10;Q1;Q2;2020;2020;P06
525;08/03/2020;dom;3;mar;10;Q1;Q2;2020;2020;P06
526;09/03/2020;seg;3;mar;10;Q1;Q2;2020;2020;P06
527;10/03/2020;ter;3;mar;10;Q1;Q2;2020;2020;P06
528;11/03/2020;qua;3;mar;11;Q1;Q2;2020;2020;P06
529;12/03/2020;qui;3;mar;11;Q1;Q2;2020;2020;P06
530;13/03/2020;sex;3;mar;11;Q1;Q2;2020;2020;P06
531;14/03/2020;sáb;3;mar;11;Q1;Q2;2020;2020;P06
532;15/03/2020;dom;3;mar;11;Q1;Q2;2020;2020;P06
533;16/03/2020;seg;3;mar;11;Q1;Q2;2020;2020;P06
534;17/03/2020;ter;3;mar;11;Q1;Q2;2020;2020;P06
535;18/03/2020;qua;3;mar;12;Q1;Q2;2020;2020;P06
536;19/03/2020;qui;3;mar;12;Q1;Q2;2020;2020;P06
537;20/03/2020;sex;3;mar;12;Q1;Q2;2020;2020;P06
538;21/03/2020;sáb;3;mar;12;Q1;Q2;2020;2020;P06
539;22/03/2020;dom;3;mar;12;Q1;Q2;2020;2020;P06
540;23/03/2020;seg;3;mar;12;Q1;Q2;2020;2020;P06
541;24/03/2020;ter;3;mar;12;Q1;Q2;2020;2020;P06
542;25/03/2020;qua;3;mar;13;Q1;Q2;2020;2020;P06
543;26/03/2020;qui;3;mar;13;Q1;Q2;2020;2020;P06
544;27/03/2020;sex;3;mar;13;Q1;Q2;2020;2020;P06
545;28/03/2020;sáb;3;mar;13;Q1;Q2;2020;2020;P06
546;29/03/2020;dom;3;mar;13;Q1;Q2;2020;2020;P06
547;30/03/2020;seg;3;mar;13;Q1;Q2;2020;2020;P06
548;31/03/2020;ter;3;mar;13;Q1;Q2;2020;2020;P06
549;01/04/2020;qua;4;abr;14;Q2;Q3;2020;2020;P07
550;02/04/2020;qui;4;abr;14;Q2;Q3;2020;2020;P07
551;03/04/2020;sex;4;abr;14;Q2;Q3;2020;2020;P07
552;04/04/2020;sáb;4;abr;14;Q2;Q3;2020;2020;P07
553;05/04/2020;dom;4;abr;14;Q2;Q3;2020;2020;P07
554;06/04/2020;seg;4;abr;14;Q2;Q3;2020;2020;P07
555;07/04/2020;ter;4;abr;14;Q2;Q3;2020;2020;P07
556;08/04/2020;qua;4;abr;15;Q2;Q3;2020;2020;P07
557;09/04/2020;qui;4;abr;15;Q2;Q3;2020;2020;P07
558;10/04/2020;sex;4;abr;15;Q2;Q3;2020;2020;P07
559;11/04/2020;sáb;4;abr;15;Q2;Q3;2020;2020;P07
560;12/04/2020;dom;4;abr;15;Q2;Q3;2020;2020;P07
561;13/04/2020;seg;4;abr;15;Q2;Q3;2020;2020;P07
562;14/04/2020;ter;4;abr;15;Q2;Q3;2020;2020;P07
563;15/04/2020;qua;4;abr;16;Q2;Q3;2020;2020;P07
564;16/04/2020;qui;4;abr;16;Q2;Q3;2020;2020;P07
565;17/04/2020;sex;4;abr;16;Q2;Q3;2020;2020;P07
566;18/04/2020;sáb;4;abr;16;Q2;Q3;2020;2020;P07
567;19/04/2020;dom;4;abr;16;Q2;Q3;2020;2020;P07
568;20/04/2020;seg;4;abr;16;Q2;Q3;2020;2020;P07
569;21/04/2020;ter;4;abr;16;Q2;Q3;2020;2020;P07
570;22/04/2020;qua;4;abr;17;Q2;Q3;2020;2020;P07
571;23/04/2020;qui;4;abr;17;Q2;Q3;2020;2020;P07
572;24/04/2020;sex;4;abr;17;Q2;Q3;2020;2020;P07
573;25/04/2020;sáb;4;abr;17;Q2;Q3;2020;2020;P07
574;26/04/2020;dom;4;abr;17;Q2;Q3;2020;2020;P07
575;27/04/2020;seg;4;abr;17;Q2;Q3;2020;2020;P07
576;28/04/2020;ter;4;abr;17;Q2;Q3;2020;2020;P07
577;29/04/2020;qua;4;abr;18;Q2;Q3;2020;2020;P07
578;30/04/2020;qui;4;abr;18;Q2;Q3;2020;2020;P07
579;01/05/2020;sex;5;mai;18;Q2;Q3;2020;2020;P08
580;02/05/2020;sáb;5;mai;18;Q2;Q3;2020;2020;P08
581;03/05/2020;dom;5;mai;18;Q2;Q3;2020;2020;P08
582;04/05/2020;seg;5;mai;18;Q2;Q3;2020;2020;P08
583;05/05/2020;ter;5;mai;18;Q2;Q3;2020;2020;P08
584;06/05/2020;qua;5;mai;19;Q2;Q3;2020;2020;P08
585;07/05/2020;qui;5;mai;19;Q2;Q3;2020;2020;P08
586;08/05/2020;sex;5;mai;19;Q2;Q3;2020;2020;P08
587;09/05/2020;sáb;5;mai;19;Q2;Q3;2020;2020;P08
588;10/05/2020;dom;5;mai;19;Q2;Q3;2020;2020;P08
589;11/05/2020;seg;5;mai;19;Q2;Q3;2020;2020;P08
590;12/05/2020;ter;5;mai;19;Q2;Q3;2020;2020;P08
591;13/05/2020;qua;5;mai;20;Q2;Q3;2020;2020;P08
592;14/05/2020;qui;5;mai;20;Q2;Q3;2020;2020;P08
593;15/05/2020;sex;5;mai;20;Q2;Q3;2020;2020;P08
594;16/05/2020;sáb;5;mai;20;Q2;Q3;2020;2020;P08
595;17/05/2020;dom;5;mai;20;Q2;Q3;2020;2020;P08
596;18/05/2020;seg;5;mai;20;Q2;Q3;2020;2020;P08
597;19/05/2020;ter;5;mai;20;Q2;Q3;2020;2020;P08
598;20/05/2020;qua;5;mai;21;Q2;Q3;2020;2020;P08
599;21/05/2020;qui;5;mai;21;Q2;Q3;2020;2020;P08
600;22/05/2020;sex;5;mai;21;Q2;Q3;2020;2020;P08
601;23/05/2020;sáb;5;mai;21;Q2;Q3;2020;2020;P08
602;24/05/2020;dom;5;mai;21;Q2;Q3;2020;2020;P08
603;25/05/2020;seg;5;mai;21;Q2;Q3;2020;2020;P08
604;26/05/2020;ter;5;mai;21;Q2;Q3;2020;2020;P08
605;27/05/2020;qua;5;mai;22;Q2;Q3;2020;2020;P08
606;28/05/2020;qui;5;mai;22;Q2;Q3;2020;2020;P08
607;29/05/2020;sex;5;mai;22;Q2;Q3;2020;2020;P08
608;30/05/2020;sáb;5;mai;22;Q2;Q3;2020;2020;P08
609;31/05/2020;dom;5;mai;22;Q2;Q3;2020;2020;P08
610;01/06/2020;seg;6;jun;22;Q2;Q3;2020;2020;P09
611;02/06/2020;ter;6;jun;22;Q2;Q3;2020;2020;P09
612;03/06/2020;qua;6;jun;23;Q2;Q3;2020;2020;P09
613;04/06/2020;qui;6;jun;23;Q2;Q3;2020;2020;P09
614;05/06/2020;sex;6;jun;23;Q2;Q3;2020;2020;P09
615;06/06/2020;sáb;6;jun;23;Q2;Q3;2020;2020;P09
616;07/06/2020;dom;6;jun;23;Q2;Q3;2020;2020;P09
617;08/06/2020;seg;6;jun;23;Q2;Q3;2020;2020;P09
618;09/06/2020;ter;6;jun;23;Q2;Q3;2020;2020;P09
619;10/06/2020;qua;6;jun;24;Q2;Q3;2020;2020;P09
620;11/06/2020;qui;6;jun;24;Q2;Q3;2020;2020;P09
621;12/06/2020;sex;6;jun;24;Q2;Q3;2020;2020;P09
622;13/06/2020;sáb;6;jun;24;Q2;Q3;2020;2020;P09
623;14/06/2020;dom;6;jun;24;Q2;Q3;2020;2020;P09
624;15/06/2020;seg;6;jun;24;Q2;Q3;2020;2020;P09
625;16/06/2020;ter;6;jun;24;Q2;Q3;2020;2020;P09
626;17/06/2020;qua;6;jun;25;Q2;Q3;2020;2020;P09
627;18/06/2020;qui;6;jun;25;Q2;Q3;2020;2020;P09
628;19/06/2020;sex;6;jun;25;Q2;Q3;2020;2020;P09
629;20/06/2020;sáb;6;jun;25;Q2;Q3;2020;2020;P09
630;21/06/2020;dom;6;jun;25;Q2;Q3;2020;2020;P09
631;22/06/2020;seg;6;jun;25;Q2;Q3;2020;2020;P09
632;23/06/2020;ter;6;jun;25;Q2;Q3;2020;2020;P09
633;24/06/2020;qua;6;jun;26;Q2;Q3;2020;2020;P09
634;25/06/2020;qui;6;jun;26;Q2;Q3;2020;2020;P09
635;26/06/2020;sex;6;jun;26;Q2;Q3;2020;2020;P09
636;27/06/2020;sáb;6;jun;26;Q2;Q3;2020;2020;P09
637;28/06/2020;dom;6;jun;26;Q2;Q3;2020;2020;P09
638;29/06/2020;seg;6;jun;26;Q2;Q3;2020;2020;P09
639;30/06/2020;ter;6;jun;26;Q2;Q3;2020;2020;P09
640;01/07/2020;qua;7;jul;27;Q3;Q4;2020;2020;P10
641;02/07/2020;qui;7;jul;27;Q3;Q4;2020;2020;P10
642;03/07/2020;sex;7;jul;27;Q3;Q4;2020;2020;P10
643;04/07/2020;sáb;7;jul;27;Q3;Q4;2020;2020;P10
644;05/07/2020;dom;7;jul;27;Q3;Q4;2020;2020;P10
645;06/07/2020;seg;7;jul;27;Q3;Q4;2020;2020;P10
646;07/07/2020;ter;7;jul;27;Q3;Q4;2020;2020;P10
647;08/07/2020;qua;7;jul;28;Q3;Q4;2020;2020;P10
648;09/07/2020;qui;7;jul;28;Q3;Q4;2020;2020;P10
649;10/07/2020;sex;7;jul;28;Q3;Q4;2020;2020;P10
650;11/07/2020;sáb;7;jul;28;Q3;Q4;2020;2020;P10
651;12/07/2020;dom;7;jul;28;Q3;Q4;2020;2020;P10
652;13/07/2020;seg;7;jul;28;Q3;Q4;2020;2020;P10
653;14/07/2020;ter;7;jul;28;Q3;Q4;2020;2020;P10
654;15/07/2020;qua;7;jul;29;Q3;Q4;2020;2020;P10
655;16/07/2020;qui;7;jul;29;Q3;Q4;2020;2020;P10
656;17/07/2020;sex;7;jul;29;Q3;Q4;2020;2020;P10
657;18/07/2020;sáb;7;jul;29;Q3;Q4;2020;2020;P10
658;19/07/2020;dom;7;jul;29;Q3;Q4;2020;2020;P10
659;20/07/2020;seg;7;jul;29;Q3;Q4;2020;2020;P10
660;21/07/2020;ter;7;jul;29;Q3;Q4;2020;2020;P10
661;22/07/2020;qua;7;jul;30;Q3;Q4;2020;2020;P10
662;23/07/2020;qui;7;jul;30;Q3;Q4;2020;2020;P10
663;24/07/2020;sex;7;jul;30;Q3;Q4;2020;2020;P10
664;25/07/2020;sáb;7;jul;30;Q3;Q4;2020;2020;P10
665;26/07/2020;dom;7;jul;30;Q3;Q4;2020;2020;P10
666;27/07/2020;seg;7;jul;30;Q3;Q4;2020;2020;P10
667;28/07/2020;ter;7;jul;30;Q3;Q4;2020;2020;P10
668;29/07/2020;qua;7;jul;31;Q3;Q4;2020;2020;P10
669;30/07/2020;qui;7;jul;31;Q3;Q4;2020;2020;P10
670;31/07/2020;sex;7;jul;31;Q3;Q4;2020;2020;P10
671;01/08/2020;sáb;8;ago;31;Q3;Q4;2020;2020;P11
672;02/08/2020;dom;8;ago;31;Q3;Q4;2020;2020;P11
673;03/08/2020;seg;8;ago;31;Q3;Q4;2020;2020;P11
674;04/08/2020;ter;8;ago;31;Q3;Q4;2020;2020;P11
675;05/08/2020;qua;8;ago;32;Q3;Q4;2020;2020;P11
676;06/08/2020;qui;8;ago;32;Q3;Q4;2020;2020;P11
677;07/08/2020;sex;8;ago;32;Q3;Q4;2020;2020;P11
678;08/08/2020;sáb;8;ago;32;Q3;Q4;2020;2020;P11
679;09/08/2020;dom;8;ago;32;Q3;Q4;2020;2020;P11
680;10/08/2020;seg;8;ago;32;Q3;Q4;2020;2020;P11
681;11/08/2020;ter;8;ago;32;Q3;Q4;2020;2020;P11
682;12/08/2020;qua;8;ago;33;Q3;Q4;2020;2020;P11
683;13/08/2020;qui;8;ago;33;Q3;Q4;2020;2020;P11
684;14/08/2020;sex;8;ago;33;Q3;Q4;2020;2020;P11
685;15/08/2020;sáb;8;ago;33;Q3;Q4;2020;2020;P11
686;16/08/2020;dom;8;ago;33;Q3;Q4;2020;2020;P11
687;17/08/2020;seg;8;ago;33;Q3;Q4;2020;2020;P11
688;18/08/2020;ter;8;ago;33;Q3;Q4;2020;2020;P11
689;19/08/2020;qua;8;ago;34;Q3;Q4;2020;2020;P11
690;20/08/2020;qui;8;ago;34;Q3;Q4;2020;2020;P11
691;21/08/2020;sex;8;ago;34;Q3;Q4;2020;2020;P11
692;22/08/2020;sáb;8;ago;34;Q3;Q4;2020;2020;P11
693;23/08/2020;dom;8;ago;34;Q3;Q4;2020;2020;P11
694;24/08/2020;seg;8;ago;34;Q3;Q4;2020;2020;P11
695;25/08/2020;ter;8;ago;34;Q3;Q4;2020;2020;P11
696;26/08/2020;qua;8;ago;35;Q3;Q4;2020;2020;P11
697;27/08/2020;qui;8;ago;35;Q3;Q4;2020;2020;P11
698;28/08/2020;sex;8;ago;35;Q3;Q4;2020;2020;P11
699;29/08/2020;sáb;8;ago;35;Q3;Q4;2020;2020;P11
700;30/08/2020;dom;8;ago;35;Q3;Q4;2020;2020;P11
701;31/08/2020;seg;8;ago;35;Q3;Q4;2020;2020;P11
702;01/09/2020;ter;9;set;35;Q3;Q4;2020;2020;P12
703;02/09/2020;qua;9;set;36;Q3;Q4;2020;2020;P12
704;03/09/2020;qui;9;set;36;Q3;Q4;2020;2020;P12
705;04/09/2020;sex;9;set;36;Q3;Q4;2020;2020;P12
706;05/09/2020;sáb;9;set;36;Q3;Q4;2020;2020;P12
707;06/09/2020;dom;9;set;36;Q3;Q4;2020;2020;P12
708;07/09/2020;seg;9;set;36;Q3;Q4;2020;2020;P12
709;08/09/2020;ter;9;set;36;Q3;Q4;2020;2020;P12
710;09/09/2020;qua;9;set;37;Q3;Q4;2020;2020;P12
711;10/09/2020;qui;9;set;37;Q3;Q4;2020;2020;P12
712;11/09/2020;sex;9;set;37;Q3;Q4;2020;2020;P12
713;12/09/2020;sáb;9;set;37;Q3;Q4;2020;2020;P12
714;13/09/2020;dom;9;set;37;Q3;Q4;2020;2020;P12
715;14/09/2020;seg;9;set;37;Q3;Q4;2020;2020;P12
716;15/09/2020;ter;9;set;37;Q3;Q4;2020;2020;P12
717;16/09/2020;qua;9;set;38;Q3;Q4;2020;2020;P12
718;17/09/2020;qui;9;set;38;Q3;Q4;2020;2020;P12
719;18/09/2020;sex;9;set;38;Q3;Q4;2020;2020;P12
720;19/09/2020;sáb;9;set;38;Q3;Q4;2020;2020;P12
721;20/09/2020;dom;9;set;38;Q3;Q4;2020;2020;P12
722;21/09/2020;seg;9;set;38;Q3;Q4;2020;2020;P12
723;22/09/2020;ter;9;set;38;Q3;Q4;2020;2020;P12
724;23/09/2020;qua;9;set;39;Q3;Q4;2020;2020;P12
725;24/09/2020;qui;9;set;39;Q3;Q4;2020;2020;P12
726;25/09/2020;sex;9;set;39;Q3;Q4;2020;2020;P12
727;26/09/2020;sáb;9;set;39;Q3;Q4;2020;2020;P12
728;27/09/2020;dom;9;set;39;Q3;Q4;2020;2020;P12
729;28/09/2020;seg;9;set;39;Q3;Q4;2020;2020;P12
730;29/09/2020;ter;9;set;39;Q3;Q4;2020;2020;P12
731;30/09/2020;qua;9;set;40;Q3;Q4;2020;2020;P12
732;01/10/2020;qui;10;out;40;Q4;Q1;2020;2021;P01
733;02/10/2020;sex;10;out;40;Q4;Q1;2020;2021;P01
734;03/10/2020;sáb;10;out;40;Q4;Q1;2020;2021;P01
735;04/10/2020;dom;10;out;40;Q4;Q1;2020;2021;P01
736;05/10/2020;seg;10;out;40;Q4;Q1;2020;2021;P01
737;06/10/2020;ter;10;out;40;Q4;Q1;2020;2021;P01
738;07/10/2020;qua;10;out;41;Q4;Q1;2020;2021;P01
739;08/10/2020;qui;10;out;41;Q4;Q1;2020;2021;P01
740;09/10/2020;sex;10;out;41;Q4;Q1;2020;2021;P01
741;10/10/2020;sáb;10;out;41;Q4;Q1;2020;2021;P01
742;11/10/2020;dom;10;out;41;Q4;Q1;2020;2021;P01
743;12/10/2020;seg;10;out;41;Q4;Q1;2020;2021;P01
744;13/10/2020;ter;10;out;41;Q4;Q1;2020;2021;P01
745;14/10/2020;qua;10;out;42;Q4;Q1;2020;2021;P01
746;15/10/2020;qui;10;out;42;Q4;Q1;2020;2021;P01
747;16/10/2020;sex;10;out;42;Q4;Q1;2020;2021;P01
748;17/10/2020;sáb;10;out;42;Q4;Q1;2020;2021;P01
749;18/10/2020;dom;10;out;42;Q4;Q1;2020;2021;P01
750;19/10/2020;seg;10;out;42;Q4;Q1;2020;2021;P01
751;20/10/2020;ter;10;out;42;Q4;Q1;2020;2021;P01
752;21/10/2020;qua;10;out;43;Q4;Q1;2020;2021;P01
753;22/10/2020;qui;10;out;43;Q4;Q1;2020;2021;P01
754;23/10/2020;sex;10;out;43;Q4;Q1;2020;2021;P01
755;24/10/2020;sáb;10;out;43;Q4;Q1;2020;2021;P01
756;25/10/2020;dom;10;out;43;Q4;Q1;2020;2021;P01
757;26/10/2020;seg;10;out;43;Q4;Q1;2020;2021;P01
758;27/10/2020;ter;10;out;43;Q4;Q1;2020;2021;P01
759;28/10/2020;qua;10;out;44;Q4;Q1;2020;2021;P01
760;29/10/2020;qui;10;out;44;Q4;Q1;2020;2021;P01
761;30/10/2020;sex;10;out;44;Q4;Q1;2020;2021;P01
762;31/10/2020;sáb;10;out;44;Q4;Q1;2020;2021;P01
763;01/11/2020;dom;11;nov;44;Q4;Q1;2020;2021;P02
764;02/11/2020;seg;11;nov;44;Q4;Q1;2020;2021;P02
765;03/11/2020;ter;11;nov;44;Q4;Q1;2020;2021;P02
766;04/11/2020;qua;11;nov;45;Q4;Q1;2020;2021;P02
767;05/11/2020;qui;11;nov;45;Q4;Q1;2020;2021;P02
768;06/11/2020;sex;11;nov;45;Q4;Q1;2020;2021;P02
769;07/11/2020;sáb;11;nov;45;Q4;Q1;2020;2021;P02
770;08/11/2020;dom;11;nov;45;Q4;Q1;2020;2021;P02
771;09/11/2020;seg;11;nov;45;Q4;Q1;2020;2021;P02
772;10/11/2020;ter;11;nov;45;Q4;Q1;2020;2021;P02
773;11/11/2020;qua;11;nov;46;Q4;Q1;2020;2021;P02
774;12/11/2020;qui;11;nov;46;Q4;Q1;2020;2021;P02
775;13/11/2020;sex;11;nov;46;Q4;Q1;2020;2021;P02
776;14/11/2020;sáb;11;nov;46;Q4;Q1;2020;2021;P02
777;15/11/2020;dom;11;nov;46;Q4;Q1;2020;2021;P02
778;16/11/2020;seg;11;nov;46;Q4;Q1;2020;2021;P02
779;17/11/2020;ter;11;nov;46;Q4;Q1;2020;2021;P02
780;18/11/2020;qua;11;nov;47;Q4;Q1;2020;2021;P02
781;19/11/2020;qui;11;nov;47;Q4;Q1;2020;2021;P02
782;20/11/2020;sex;11;nov;47;Q4;Q1;2020;2021;P02
783;21/11/2020;sáb;11;nov;47;Q4;Q1;2020;2021;P02
784;22/11/2020;dom;11;nov;47;Q4;Q1;2020;2021;P02
785;23/11/2020;seg;11;nov;47;Q4;Q1;2020;2021;P02
786;24/11/2020;ter;11;nov;47;Q4;Q1;2020;2021;P02
787;25/11/2020;qua;11;nov;48;Q4;Q1;2020;2021;P02
788;26/11/2020;qui;11;nov;48;Q4;Q1;2020;2021;P02
789;27/11/2020;sex;11;nov;48;Q4;Q1;2020;2021;P02
790;28/11/2020;sáb;11;nov;48;Q4;Q1;2020;2021;P02
791;29/11/2020;dom;11;nov;48;Q4;Q1;2020;2021;P02
792;30/11/2020;seg;11;nov;48;Q4;Q1;2020;2021;P02
793;01/12/2020;ter;12;dez;48;Q4;Q1;2020;2021;P03
794;02/12/2020;qua;12;dez;49;Q4;Q1;2020;2021;P03
795;03/12/2020;qui;12;dez;49;Q4;Q1;2020;2021;P03
796;04/12/2020;sex;12;dez;49;Q4;Q1;2020;2021;P03
797;05/12/2020;sáb;12;dez;49;Q4;Q1;2020;2021;P03
798;06/12/2020;dom;12;dez;49;Q4;Q1;2020;2021;P03
799;07/12/2020;seg;12;dez;49;Q4;Q1;2020;2021;P03
800;08/12/2020;ter;12;dez;49;Q4;Q1;2020;2021;P03
801;09/12/2020;qua;12;dez;50;Q4;Q1;2020;2021;P03
802;10/12/2020;qui;12;dez;50;Q4;Q1;2020;2021;P03
803;11/12/2020;sex;12;dez;50;Q4;Q1;2020;2021;P03
804;12/12/2020;sáb;12;dez;50;Q4;Q1;2020;2021;P03
805;13/12/2020;dom;12;dez;50;Q4;Q1;2020;2021;P03
806;14/12/2020;seg;12;dez;50;Q4;Q1;2020;2021;P03
807;15/12/2020;ter;12;dez;50;Q4;Q1;2020;2021;P03
808;16/12/2020;qua;12;dez;51;Q4;Q1;2020;2021;P03
809;17/12/2020;qui;12;dez;51;Q4;Q1;2020;2021;P03
810;18/12/2020;sex;12;dez;51;Q4;Q1;2020;2021;P03
811;19/12/2020;sáb;12;dez;51;Q4;Q1;2020;2021;P03
812;20/12/2020;dom;12;dez;51;Q4;Q1;2020;2021;P03
813;21/12/2020;seg;12;dez;51;Q4;Q1;2020;2021;P03
814;22/12/2020;ter;12;dez;51;Q4;Q1;2020;2021;P03
815;23/12/2020;qua;12;dez;52;Q4;Q1;2020;2021;P03
816;24/12/2020;qui;12;dez;52;Q4;Q1;2020;2021;P03
817;25/12/2020;sex;12;dez;52;Q4;Q1;2020;2021;P03
818;26/12/2020;sáb;12;dez;52;Q4;Q1;2020;2021;P03
819;27/12/2020;dom;12;dez;52;Q4;Q1;2020;2021;P03
820;28/12/2020;seg;12;dez;52;Q4;Q1;2020;2021;P03
821;29/12/2020;ter;12;dez;52;Q4;Q1;2020;2021;P03
822;30/12/2020;qua;12;dez;53;Q4;Q1;2020;2021;P03
823;31/12/2020;qui;12;dez;53;Q4;Q1;2020;2021;P03
824;01/01/2021;sex;1;jan;1;Q1;Q2;2021;2021;P04
825;02/01/2021;sáb;1;jan;1;Q1;Q2;2021;2021;P04
826;03/01/2021;dom;1;jan;1;Q1;Q2;2021;2021;P04
827;04/01/2021;seg;1;jan;1;Q1;Q2;2021;2021;P04
828;05/01/2021;ter;1;jan;1;Q1;Q2;2021;2021;P04
829;06/01/2021;qua;1;jan;1;Q1;Q2;2021;2021;P04
830;07/01/2021;qui;1;jan;1;Q1;Q2;2021;2021;P04
831;08/01/2021;sex;1;jan;2;Q1;Q2;2021;2021;P04
832;09/01/2021;sáb;1;jan;2;Q1;Q2;2021;2021;P04
833;10/01/2021;dom;1;jan;2;Q1;Q2;2021;2021;P04
834;11/01/2021;seg;1;jan;2;Q1;Q2;2021;2021;P04
835;12/01/2021;ter;1;jan;2;Q1;Q2;2021;2021;P04
836;13/01/2021;qua;1;jan;2;Q1;Q2;2021;2021;P04
837;14/01/2021;qui;1;jan;2;Q1;Q2;2021;2021;P04
838;15/01/2021;sex;1;jan;3;Q1;Q2;2021;2021;P04
839;16/01/2021;sáb;1;jan;3;Q1;Q2;2021;2021;P04
840;17/01/2021;dom;1;jan;3;Q1;Q2;2021;2021;P04
841;18/01/2021;seg;1;jan;3;Q1;Q2;2021;2021;P04
842;19/01/2021;ter;1;jan;3;Q1;Q2;2021;2021;P04
843;20/01/2021;qua;1;jan;3;Q1;Q2;2021;2021;P04
844;21/01/2021;qui;1;jan;3;Q1;Q2;2021;2021;P04
845;22/01/2021;sex;1;jan;4;Q1;Q2;2021;2021;P04
846;23/01/2021;sáb;1;jan;4;Q1;Q2;2021;2021;P04
847;24/01/2021;dom;1;jan;4;Q1;Q2;2021;2021;P04
848;25/01/2021;seg;1;jan;4;Q1;Q2;2021;2021;P04
849;26/01/2021;ter;1;jan;4;Q1;Q2;2021;2021;P04
850;27/01/2021;qua;1;jan;4;Q1;Q2;2021;2021;P04
851;28/01/2021;qui;1;jan;4;Q1;Q2;2021;2021;P04
852;29/01/2021;sex;1;jan;5;Q1;Q2;2021;2021;P04
853;30/01/2021;sáb;1;jan;5;Q1;Q2;2021;2021;P04
854;31/01/2021;dom;1;jan;5;Q1;Q2;2021;2021;P04
855;01/02/2021;seg;2;fev;5;Q1;Q2;2021;2021;P05
856;02/02/2021;ter;2;fev;5;Q1;Q2;2021;2021;P05
857;03/02/2021;qua;2;fev;5;Q1;Q2;2021;2021;P05
858;04/02/2021;qui;2;fev;5;Q1;Q2;2021;2021;P05
859;05/02/2021;sex;2;fev;6;Q1;Q2;2021;2021;P05
860;06/02/2021;sáb;2;fev;6;Q1;Q2;2021;2021;P05
861;07/02/2021;dom;2;fev;6;Q1;Q2;2021;2021;P05
862;08/02/2021;seg;2;fev;6;Q1;Q2;2021;2021;P05
863;09/02/2021;ter;2;fev;6;Q1;Q2;2021;2021;P05
864;10/02/2021;qua;2;fev;6;Q1;Q2;2021;2021;P05
865;11/02/2021;qui;2;fev;6;Q1;Q2;2021;2021;P05
866;12/02/2021;sex;2;fev;7;Q1;Q2;2021;2021;P05
867;13/02/2021;sáb;2;fev;7;Q1;Q2;2021;2021;P05
868;14/02/2021;dom;2;fev;7;Q1;Q2;2021;2021;P05
869;15/02/2021;seg;2;fev;7;Q1;Q2;2021;2021;P05
870;16/02/2021;ter;2;fev;7;Q1;Q2;2021;2021;P05
871;17/02/2021;qua;2;fev;7;Q1;Q2;2021;2021;P05
872;18/02/2021;qui;2;fev;7;Q1;Q2;2021;2021;P05
873;19/02/2021;sex;2;fev;8;Q1;Q2;2021;2021;P05
874;20/02/2021;sáb;2;fev;8;Q1;Q2;2021;2021;P05
875;21/02/2021;dom;2;fev;8;Q1;Q2;2021;2021;P05
876;22/02/2021;seg;2;fev;8;Q1;Q2;2021;2021;P05
877;23/02/2021;ter;2;fev;8;Q1;Q2;2021;2021;P05
878;24/02/2021;qua;2;fev;8;Q1;Q2;2021;2021;P05
879;25/02/2021;qui;2;fev;8;Q1;Q2;2021;2021;P05
880;26/02/2021;sex;2;fev;9;Q1;Q2;2021;2021;P05
881;27/02/2021;sáb;2;fev;9;Q1;Q2;2021;2021;P05
882;28/02/2021;dom;2;fev;9;Q1;Q2;2021;2021;P05
883;01/03/2021;seg;3;mar;9;Q1;Q2;2021;2021;P06
884;02/03/2021;ter;3;mar;9;Q1;Q2;2021;2021;P06
885;03/03/2021;qua;3;mar;9;Q1;Q2;2021;2021;P06
886;04/03/2021;qui;3;mar;9;Q1;Q2;2021;2021;P06
887;05/03/2021;sex;3;mar;10;Q1;Q2;2021;2021;P06
888;06/03/2021;sáb;3;mar;10;Q1;Q2;2021;2021;P06
889;07/03/2021;dom;3;mar;10;Q1;Q2;2021;2021;P06
890;08/03/2021;seg;3;mar;10;Q1;Q2;2021;2021;P06
891;09/03/2021;ter;3;mar;10;Q1;Q2;2021;2021;P06
892;10/03/2021;qua;3;mar;10;Q1;Q2;2021;2021;P06
893;11/03/2021;qui;3;mar;10;Q1;Q2;2021;2021;P06
894;12/03/2021;sex;3;mar;11;Q1;Q2;2021;2021;P06
895;13/03/2021;sáb;3;mar;11;Q1;Q2;2021;2021;P06
896;14/03/2021;dom;3;mar;11;Q1;Q2;2021;2021;P06
897;15/03/2021;seg;3;mar;11;Q1;Q2;2021;2021;P06
898;16/03/2021;ter;3;mar;11;Q1;Q2;2021;2021;P06
899;17/03/2021;qua;3;mar;11;Q1;Q2;2021;2021;P06
900;18/03/2021;qui;3;mar;11;Q1;Q2;2021;2021;P06
901;19/03/2021;sex;3;mar;12;Q1;Q2;2021;2021;P06
902;20/03/2021;sáb;3;mar;12;Q1;Q2;2021;2021;P06
903;21/03/2021;dom;3;mar;12;Q1;Q2;2021;2021;P06
904;22/03/2021;seg;3;mar;12;Q1;Q2;2021;2021;P06
905;23/03/2021;ter;3;mar;12;Q1;Q2;2021;2021;P06
906;24/03/2021;qua;3;mar;12;Q1;Q2;2021;2021;P06
907;25/03/2021;qui;3;mar;12;Q1;Q2;2021;2021;P06
908;26/03/2021;sex;3;mar;13;Q1;Q2;2021;2021;P06
909;27/03/2021;sáb;3;mar;13;Q1;Q2;2021;2021;P06
910;28/03/2021;dom;3;mar;13;Q1;Q2;2021;2021;P06
911;29/03/2021;seg;3;mar;13;Q1;Q2;2021;2021;P06
912;30/03/2021;ter;3;mar;13;Q1;Q2;2021;2021;P06
913;31/03/2021;qua;3;mar;13;Q1;Q2;2021;2021;P06
914;01/04/2021;qui;4;abr;13;Q2;Q3;2021;2021;P07
915;02/04/2021;sex;4;abr;14;Q2;Q3;2021;2021;P07
916;03/04/2021;sáb;4;abr;14;Q2;Q3;2021;2021;P07
917;04/04/2021;dom;4;abr;14;Q2;Q3;2021;2021;P07
918;05/04/2021;seg;4;abr;14;Q2;Q3;2021;2021;P07
919;06/04/2021;ter;4;abr;14;Q2;Q3;2021;2021;P07
920;07/04/2021;qua;4;abr;14;Q2;Q3;2021;2021;P07
921;08/04/2021;qui;4;abr;14;Q2;Q3;2021;2021;P07
922;09/04/2021;sex;4;abr;15;Q2;Q3;2021;2021;P07
923;10/04/2021;sáb;4;abr;15;Q2;Q3;2021;2021;P07
924;11/04/2021;dom;4;abr;15;Q2;Q3;2021;2021;P07
925;12/04/2021;seg;4;abr;15;Q2;Q3;2021;2021;P07
926;13/04/2021;ter;4;abr;15;Q2;Q3;2021;2021;P07
927;14/04/2021;qua;4;abr;15;Q2;Q3;2021;2021;P07
928;15/04/2021;qui;4;abr;15;Q2;Q3;2021;2021;P07
929;16/04/2021;sex;4;abr;16;Q2;Q3;2021;2021;P07
930;17/04/2021;sáb;4;abr;16;Q2;Q3;2021;2021;P07
931;18/04/2021;dom;4;abr;16;Q2;Q3;2021;2021;P07
932;19/04/2021;seg;4;abr;16;Q2;Q3;2021;2021;P07
933;20/04/2021;ter;4;abr;16;Q2;Q3;2021;2021;P07
934;21/04/2021;qua;4;abr;16;Q2;Q3;2021;2021;P07
935;22/04/2021;qui;4;abr;16;Q2;Q3;2021;2021;P07
936;23/04/2021;sex;4;abr;17;Q2;Q3;2021;2021;P07
937;24/04/2021;sáb;4;abr;17;Q2;Q3;2021;2021;P07
938;25/04/2021;dom;4;abr;17;Q2;Q3;2021;2021;P07
939;26/04/2021;seg;4;abr;17;Q2;Q3;2021;2021;P07
940;27/04/2021;ter;4;abr;17;Q2;Q3;2021;2021;P07
941;28/04/2021;qua;4;abr;17;Q2;Q3;2021;2021;P07
942;29/04/2021;qui;4;abr;17;Q2;Q3;2021;2021;P07
943;30/04/2021;sex;4;abr;18;Q2;Q3;2021;2021;P07
944;01/05/2021;sáb;5;mai;18;Q2;Q3;2021;2021;P08
945;02/05/2021;dom;5;mai;18;Q2;Q3;2021;2021;P08
946;03/05/2021;seg;5;mai;18;Q2;Q3;2021;2021;P08
947;04/05/2021;ter;5;mai;18;Q2;Q3;2021;2021;P08
948;05/05/2021;qua;5;mai;18;Q2;Q3;2021;2021;P08
949;06/05/2021;qui;5;mai;18;Q2;Q3;2021;2021;P08
950;07/05/2021;sex;5;mai;19;Q2;Q3;2021;2021;P08
951;08/05/2021;sáb;5;mai;19;Q2;Q3;2021;2021;P08
952;09/05/2021;dom;5;mai;19;Q2;Q3;2021;2021;P08
953;10/05/2021;seg;5;mai;19;Q2;Q3;2021;2021;P08
954;11/05/2021;ter;5;mai;19;Q2;Q3;2021;2021;P08
955;12/05/2021;qua;5;mai;19;Q2;Q3;2021;2021;P08
956;13/05/2021;qui;5;mai;19;Q2;Q3;2021;2021;P08
957;14/05/2021;sex;5;mai;20;Q2;Q3;2021;2021;P08
958;15/05/2021;sáb;5;mai;20;Q2;Q3;2021;2021;P08
959;16/05/2021;dom;5;mai;20;Q2;Q3;2021;2021;P08
960;17/05/2021;seg;5;mai;20;Q2;Q3;2021;2021;P08
961;18/05/2021;ter;5;mai;20;Q2;Q3;2021;2021;P08
962;19/05/2021;qua;5;mai;20;Q2;Q3;2021;2021;P08
963;20/05/2021;qui;5;mai;20;Q2;Q3;2021;2021;P08
964;21/05/2021;sex;5;mai;21;Q2;Q3;2021;2021;P08
965;22/05/2021;sáb;5;mai;21;Q2;Q3;2021;2021;P08
966;23/05/2021;dom;5;mai;21;Q2;Q3;2021;2021;P08
967;24/05/2021;seg;5;mai;21;Q2;Q3;2021;2021;P08
968;25/05/2021;ter;5;mai;21;Q2;Q3;2021;2021;P08
969;26/05/2021;qua;5;mai;21;Q2;Q3;2021;2021;P08
970;27/05/2021;qui;5;mai;21;Q2;Q3;2021;2021;P08
971;28/05/2021;sex;5;mai;22;Q2;Q3;2021;2021;P08
972;29/05/2021;sáb;5;mai;22;Q2;Q3;2021;2021;P08
973;30/05/2021;dom;5;mai;22;Q2;Q3;2021;2021;P08
974;31/05/2021;seg;5;mai;22;Q2;Q3;2021;2021;P08
975;01/06/2021;ter;6;jun;22;Q2;Q3;2021;2021;P09
976;02/06/2021;qua;6;jun;22;Q2;Q3;2021;2021;P09
977;03/06/2021;qui;6;jun;22;Q2;Q3;2021;2021;P09
978;04/06/2021;sex;6;jun;23;Q2;Q3;2021;2021;P09
979;05/06/2021;sáb;6;jun;23;Q2;Q3;2021;2021;P09
980;06/06/2021;dom;6;jun;23;Q2;Q3;2021;2021;P09
981;07/06/2021;seg;6;jun;23;Q2;Q3;2021;2021;P09
982;08/06/2021;ter;6;jun;23;Q2;Q3;2021;2021;P09
983;09/06/2021;qua;6;jun;23;Q2;Q3;2021;2021;P09
984;10/06/2021;qui;6;jun;23;Q2;Q3;2021;2021;P09
985;11/06/2021;sex;6;jun;24;Q2;Q3;2021;2021;P09
986;12/06/2021;sáb;6;jun;24;Q2;Q3;2021;2021;P09
987;13/06/2021;dom;6;jun;24;Q2;Q3;2021;2021;P09
988;14/06/2021;seg;6;jun;24;Q2;Q3;2021;2021;P09
989;15/06/2021;ter;6;jun;24;Q2;Q3;2021;2021;P09
990;16/06/2021;qua;6;jun;24;Q2;Q3;2021;2021;P09
991;17/06/2021;qui;6;jun;24;Q2;Q3;2021;2021;P09
992;18/06/2021;sex;6;jun;25;Q2;Q3;2021;2021;P09
993;19/06/2021;sáb;6;jun;25;Q2;Q3;2021;2021;P09
994;20/06/2021;dom;6;jun;25;Q2;Q3;2021;2021;P09
995;21/06/2021;seg;6;jun;25;Q2;Q3;2021;2021;P09
996;22/06/2021;ter;6;jun;25;Q2;Q3;2021;2021;P09
997;23/06/2021;qua;6;jun;25;Q2;Q3;2021;2021;P09
998;24/06/2021;qui;6;jun;25;Q2;Q3;2021;2021;P09
999;25/06/2021;sex;6;jun;26;Q2;Q3;2021;2021;P09
1000;26/06/2021;sáb;6;jun;26;Q2;Q3;2021;2021;P09
1001;27/06/2021;dom;6;jun;26;Q2;Q3;2021;2021;P09
1002;28/06/2021;seg;6;jun;26;Q2;Q3;2021;2021;P09
1003;29/06/2021;ter;6;jun;26;Q2;Q3;2021;2021;P09
1004;30/06/2021;qua;6;jun;26;Q2;Q3;2021;2021;P09
1005;01/07/2021;qui;7;jul;26;Q3;Q4;2021;2021;P10
1006;02/07/2021;sex;7;jul;27;Q3;Q4;2021;2021;P10
1007;03/07/2021;sáb;7;jul;27;Q3;Q4;2021;2021;P10
1008;04/07/2021;dom;7;jul;27;Q3;Q4;2021;2021;P10
1009;05/07/2021;seg;7;jul;27;Q3;Q4;2021;2021;P10
1010;06/07/2021;ter;7;jul;27;Q3;Q4;2021;2021;P10
1011;07/07/2021;qua;7;jul;27;Q3;Q4;2021;2021;P10
1012;08/07/2021;qui;7;jul;27;Q3;Q4;2021;2021;P10
1013;09/07/2021;sex;7;jul;28;Q3;Q4;2021;2021;P10
1014;10/07/2021;sáb;7;jul;28;Q3;Q4;2021;2021;P10
1015;11/07/2021;dom;7;jul;28;Q3;Q4;2021;2021;P10
1016;12/07/2021;seg;7;jul;28;Q3;Q4;2021;2021;P10
1017;13/07/2021;ter;7;jul;28;Q3;Q4;2021;2021;P10
1018;14/07/2021;qua;7;jul;28;Q3;Q4;2021;2021;P10
1019;15/07/2021;qui;7;jul;28;Q3;Q4;2021;2021;P10
1020;16/07/2021;sex;7;jul;29;Q3;Q4;2021;2021;P10
1021;17/07/2021;sáb;7;jul;29;Q3;Q4;2021;2021;P10
1022;18/07/2021;dom;7;jul;29;Q3;Q4;2021;2021;P10
1023;19/07/2021;seg;7;jul;29;Q3;Q4;2021;2021;P10
1024;20/07/2021;ter;7;jul;29;Q3;Q4;2021;2021;P10
1025;21/07/2021;qua;7;jul;29;Q3;Q4;2021;2021;P10
1026;22/07/2021;qui;7;jul;29;Q3;Q4;2021;2021;P10
1027;23/07/2021;sex;7;jul;30;Q3;Q4;2021;2021;P10
1028;24/07/2021;sáb;7;jul;30;Q3;Q4;2021;2021;P10
1029;25/07/2021;dom;7;jul;30;Q3;Q4;2021;2021;P10
1030;26/07/2021;seg;7;jul;30;Q3;Q4;2021;2021;P10
1031;27/07/2021;ter;7;jul;30;Q3;Q4;2021;2021;P10
1032;28/07/2021;qua;7;jul;30;Q3;Q4;2021;2021;P10
1033;29/07/2021;qui;7;jul;30;Q3;Q4;2021;2021;P10
1034;30/07/2021;sex;7;jul;31;Q3;Q4;2021;2021;P10
1035;31/07/2021;sáb;7;jul;31;Q3;Q4;2021;2021;P10
1036;01/08/2021;dom;8;ago;31;Q3;Q4;2021;2021;P11
1037;02/08/2021;seg;8;ago;31;Q3;Q4;2021;2021;P11
1038;03/08/2021;ter;8;ago;31;Q3;Q4;2021;2021;P11
1039;04/08/2021;qua;8;ago;31;Q3;Q4;2021;2021;P11
1040;05/08/2021;qui;8;ago;31;Q3;Q4;2021;2021;P11
1041;06/08/2021;sex;8;ago;32;Q3;Q4;2021;2021;P11
1042;07/08/2021;sáb;8;ago;32;Q3;Q4;2021;2021;P11
1043;08/08/2021;dom;8;ago;32;Q3;Q4;2021;2021;P11
1044;09/08/2021;seg;8;ago;32;Q3;Q4;2021;2021;P11
1045;10/08/2021;ter;8;ago;32;Q3;Q4;2021;2021;P11
1046;11/08/2021;qua;8;ago;32;Q3;Q4;2021;2021;P11
1047;12/08/2021;qui;8;ago;32;Q3;Q4;2021;2021;P11
1048;13/08/2021;sex;8;ago;33;Q3;Q4;2021;2021;P11
1049;14/08/2021;sáb;8;ago;33;Q3;Q4;2021;2021;P11
1050;15/08/2021;dom;8;ago;33;Q3;Q4;2021;2021;P11
1051;16/08/2021;seg;8;ago;33;Q3;Q4;2021;2021;P11
1052;17/08/2021;ter;8;ago;33;Q3;Q4;2021;2021;P11
1053;18/08/2021;qua;8;ago;33;Q3;Q4;2021;2021;P11
1054;19/08/2021;qui;8;ago;33;Q3;Q4;2021;2021;P11
1055;20/08/2021;sex;8;ago;34;Q3;Q4;2021;2021;P11
1056;21/08/2021;sáb;8;ago;34;Q3;Q4;2021;2021;P11
1057;22/08/2021;dom;8;ago;34;Q3;Q4;2021;2021;P11
1058;23/08/2021;seg;8;ago;34;Q3;Q4;2021;2021;P11
1059;24/08/2021;ter;8;ago;34;Q3;Q4;2021;2021;P11
1060;25/08/2021;qua;8;ago;34;Q3;Q4;2021;2021;P11
1061;26/08/2021;qui;8;ago;34;Q3;Q4;2021;2021;P11
1062;27/08/2021;sex;8;ago;35;Q3;Q4;2021;2021;P11
1063;28/08/2021;sáb;8;ago;35;Q3;Q4;2021;2021;P11
1064;29/08/2021;dom;8;ago;35;Q3;Q4;2021;2021;P11
1065;30/08/2021;seg;8;ago;35;Q3;Q4;2021;2021;P11
1066;31/08/2021;ter;8;ago;35;Q3;Q4;2021;2021;P11
1067;01/09/2021;qua;9;set;35;Q3;Q4;2021;2021;P12
1068;02/09/2021;qui;9;set;35;Q3;Q4;2021;2021;P12
1069;03/09/2021;sex;9;set;36;Q3;Q4;2021;2021;P12
1070;04/09/2021;sáb;9;set;36;Q3;Q4;2021;2021;P12
1071;05/09/2021;dom;9;set;36;Q3;Q4;2021;2021;P12
1072;06/09/2021;seg;9;set;36;Q3;Q4;2021;2021;P12
1073;07/09/2021;ter;9;set;36;Q3;Q4;2021;2021;P12
1074;08/09/2021;qua;9;set;36;Q3;Q4;2021;2021;P12
1075;09/09/2021;qui;9;set;36;Q3;Q4;2021;2021;P12
1076;10/09/2021;sex;9;set;37;Q3;Q4;2021;2021;P12
1077;11/09/2021;sáb;9;set;37;Q3;Q4;2021;2021;P12
1078;12/09/2021;dom;9;set;37;Q3;Q4;2021;2021;P12
1079;13/09/2021;seg;9;set;37;Q3;Q4;2021;2021;P12
1080;14/09/2021;ter;9;set;37;Q3;Q4;2021;2021;P12
1081;15/09/2021;qua;9;set;37;Q3;Q4;2021;2021;P12
1082;16/09/2021;qui;9;set;37;Q3;Q4;2021;2021;P12
1083;17/09/2021;sex;9;set;38;Q3;Q4;2021;2021;P12
1084;18/09/2021;sáb;9;set;38;Q3;Q4;2021;2021;P12
1085;19/09/2021;dom;9;set;38;Q3;Q4;2021;2021;P12
1086;20/09/2021;seg;9;set;38;Q3;Q4;2021;2021;P12
1087;21/09/2021;ter;9;set;38;Q3;Q4;2021;2021;P12
1088;22/09/2021;qua;9;set;38;Q3;Q4;2021;2021;P12
1089;23/09/2021;qui;9;set;38;Q3;Q4;2021;2021;P12
1090;24/09/2021;sex;9;set;39;Q3;Q4;2021;2021;P12
1091;25/09/2021;sáb;9;set;39;Q3;Q4;2021;2021;P12
1092;26/09/2021;dom;9;set;39;Q3;Q4;2021;2021;P12
1093;27/09/2021;seg;9;set;39;Q3;Q4;2021;2021;P12
1094;28/09/2021;ter;9;set;39;Q3;Q4;2021;2021;P12
1095;29/09/2021;qua;9;set;39;Q3;Q4;2021;2021;P12
1096;30/09/2021;qui;9;set;39;Q3;Q4;2021;2021;P12
1097;01/10/2021;sex;10;out;40;Q4;Q1;2021;2022;P01
1098;02/10/2021;sáb;10;out;40;Q4;Q1;2021;2022;P01
1099;03/10/2021;dom;10;out;40;Q4;Q1;2021;2022;P01
1100;04/10/2021;seg;10;out;40;Q4;Q1;2021;2022;P01
1101;05/10/2021;ter;10;out;40;Q4;Q1;2021;2022;P01
1102;06/10/2021;qua;10;out;40;Q4;Q1;2021;2022;P01
1103;07/10/2021;qui;10;out;40;Q4;Q1;2021;2022;P01
1104;08/10/2021;sex;10;out;41;Q4;Q1;2021;2022;P01
1105;09/10/2021;sáb;10;out;41;Q4;Q1;2021;2022;P01
1106;10/10/2021;dom;10;out;41;Q4;Q1;2021;2022;P01
1107;11/10/2021;seg;10;out;41;Q4;Q1;2021;2022;P01
1108;12/10/2021;ter;10;out;41;Q4;Q1;2021;2022;P01
1109;13/10/2021;qua;10;out;41;Q4;Q1;2021;2022;P01
1110;14/10/2021;qui;10;out;41;Q4;Q1;2021;2022;P01
1111;15/10/2021;sex;10;out;42;Q4;Q1;2021;2022;P01
1112;16/10/2021;sáb;10;out;42;Q4;Q1;2021;2022;P01
1113;17/10/2021;dom;10;out;42;Q4;Q1;2021;2022;P01
1114;18/10/2021;seg;10;out;42;Q4;Q1;2021;2022;P01
1115;19/10/2021;ter;10;out;42;Q4;Q1;2021;2022;P01
1116;20/10/2021;qua;10;out;42;Q4;Q1;2021;2022;P01
1117;21/10/2021;qui;10;out;42;Q4;Q1;2021;2022;P01
1118;22/10/2021;sex;10;out;43;Q4;Q1;2021;2022;P01
1119;23/10/2021;sáb;10;out;43;Q4;Q1;2021;2022;P01
1120;24/10/2021;dom;10;out;43;Q4;Q1;2021;2022;P01
1121;25/10/2021;seg;10;out;43;Q4;Q1;2021;2022;P01
1122;26/10/2021;ter;10;out;43;Q4;Q1;2021;2022;P01
1123;27/10/2021;qua;10;out;43;Q4;Q1;2021;2022;P01
1124;28/10/2021;qui;10;out;43;Q4;Q1;2021;2022;P01
1125;29/10/2021;sex;10;out;44;Q4;Q1;2021;2022;P01
1126;30/10/2021;sáb;10;out;44;Q4;Q1;2021;2022;P01
1127;31/10/2021;dom;10;out;44;Q4;Q1;2021;2022;P01
1128;01/11/2021;seg;11;nov;44;Q4;Q1;2021;2022;P02
1129;02/11/2021;ter;11;nov;44;Q4;Q1;2021;2022;P02
1130;03/11/2021;qua;11;nov;44;Q4;Q1;2021;2022;P02
1131;04/11/2021;qui;11;nov;44;Q4;Q1;2021;2022;P02
1132;05/11/2021;sex;11;nov;45;Q4;Q1;2021;2022;P02
1133;06/11/2021;sáb;11;nov;45;Q4;Q1;2021;2022;P02
1134;07/11/2021;dom;11;nov;45;Q4;Q1;2021;2022;P02
1135;08/11/2021;seg;11;nov;45;Q4;Q1;2021;2022;P02
1136;09/11/2021;ter;11;nov;45;Q4;Q1;2021;2022;P02
1137;10/11/2021;qua;11;nov;45;Q4;Q1;2021;2022;P02
1138;11/11/2021;qui;11;nov;45;Q4;Q1;2021;2022;P02
1139;12/11/2021;sex;11;nov;46;Q4;Q1;2021;2022;P02
1140;13/11/2021;sáb;11;nov;46;Q4;Q1;2021;2022;P02
1141;14/11/2021;dom;11;nov;46;Q4;Q1;2021;2022;P02
1142;15/11/2021;seg;11;nov;46;Q4;Q1;2021;2022;P02
1143;16/11/2021;ter;11;nov;46;Q4;Q1;2021;2022;P02
1144;17/11/2021;qua;11;nov;46;Q4;Q1;2021;2022;P02
1145;18/11/2021;qui;11;nov;46;Q4;Q1;2021;2022;P02
1146;19/11/2021;sex;11;nov;47;Q4;Q1;2021;2022;P02
1147;20/11/2021;sáb;11;nov;47;Q4;Q1;2021;2022;P02
1148;21/11/2021;dom;11;nov;47;Q4;Q1;2021;2022;P02
1149;22/11/2021;seg;11;nov;47;Q4;Q1;2021;2022;P02
1150;23/11/2021;ter;11;nov;47;Q4;Q1;2021;2022;P02
1151;24/11/2021;qua;11;nov;47;Q4;Q1;2021;2022;P02
1152;25/11/2021;qui;11;nov;47;Q4;Q1;2021;2022;P02
1153;26/11/2021;sex;11;nov;48;Q4;Q1;2021;2022;P02
1154;27/11/2021;sáb;11;nov;48;Q4;Q1;2021;2022;P02
1155;28/11/2021;dom;11;nov;48;Q4;Q1;2021;2022;P02
1156;29/11/2021;seg;11;nov;48;Q4;Q1;2021;2022;P02
1157;30/11/2021;ter;11;nov;48;Q4;Q1;2021;2022;P02
1158;01/12/2021;qua;12;dez;48;Q4;Q1;2021;2022;P03
1159;02/12/2021;qui;12;dez;48;Q4;Q1;2021;2022;P03
1160;03/12/2021;sex;12;dez;49;Q4;Q1;2021;2022;P03
1161;04/12/2021;sáb;12;dez;49;Q4;Q1;2021;2022;P03
1162;05/12/2021;dom;12;dez;49;Q4;Q1;2021;2022;P03
1163;06/12/2021;seg;12;dez;49;Q4;Q1;2021;2022;P03
1164;07/12/2021;ter;12;dez;49;Q4;Q1;2021;2022;P03
1165;08/12/2021;qua;12;dez;49;Q4;Q1;2021;2022;P03
1166;09/12/2021;qui;12;dez;49;Q4;Q1;2021;2022;P03
1167;10/12/2021;sex;12;dez;50;Q4;Q1;2021;2022;P03
1168;11/12/2021;sáb;12;dez;50;Q4;Q1;2021;2022;P03
1169;12/12/2021;dom;12;dez;50;Q4;Q1;2021;2022;P03
1170;13/12/2021;seg;12;dez;50;Q4;Q1;2021;2022;P03
1171;14/12/2021;ter;12;dez;50;Q4;Q1;2021;2022;P03
1172;15/12/2021;qua;12;dez;50;Q4;Q1;2021;2022;P03
1173;16/12/2021;qui;12;dez;50;Q4;Q1;2021;2022;P03
1174;17/12/2021;sex;12;dez;51;Q4;Q1;2021;2022;P03
1175;18/12/2021;sáb;12;dez;51;Q4;Q1;2021;2022;P03
1176;19/12/2021;dom;12;dez;51;Q4;Q1;2021;2022;P03
1177;20/12/2021;seg;12;dez;51;Q4;Q1;2021;2022;P03
1178;21/12/2021;ter;12;dez;51;Q4;Q1;2021;2022;P03
1179;22/12/2021;qua;12;dez;51;Q4;Q1;2021;2022;P03
1180;23/12/2021;qui;12;dez;51;Q4;Q1;2021;2022;P03
1181;24/12/2021;sex;12;dez;52;Q4;Q1;2021;2022;P03
1182;25/12/2021;sáb;12;dez;52;Q4;Q1;2021;2022;P03
1183;26/12/2021;dom;12;dez;52;Q4;Q1;2021;2022;P03
1184;27/12/2021;seg;12;dez;52;Q4;Q1;2021;2022;P03
1185;28/12/2021;ter;12;dez;52;Q4;Q1;2021;2022;P03
1186;29/12/2021;qua;12;dez;52;Q4;Q1;2021;2022;P03
1187;30/12/2021;qui;12;dez;52;Q4;Q1;2021;2022;P03
1188;31/12/2021;sex;12;dez;53;Q4;Q1;2021;2022;P03
1189;01/01/2022;sáb;1;jan;1;Q1;Q2;2022;2022;P04
1190;02/01/2022;dom;1;jan;1;Q1;Q2;2022;2022;P04
1191;03/01/2022;seg;1;jan;1;Q1;Q2;2022;2022;P04
1192;04/01/2022;ter;1;jan;1;Q1;Q2;2022;2022;P04
1193;05/01/2022;qua;1;jan;1;Q1;Q2;2022;2022;P04
1194;06/01/2022;qui;1;jan;1;Q1;Q2;2022;2022;P04
1195;07/01/2022;sex;1;jan;1;Q1;Q2;2022;2022;P04
1196;08/01/2022;sáb;1;jan;2;Q1;Q2;2022;2022;P04
1197;09/01/2022;dom;1;jan;2;Q1;Q2;2022;2022;P04
1198;10/01/2022;seg;1;jan;2;Q1;Q2;2022;2022;P04
1199;11/01/2022;ter;1;jan;2;Q1;Q2;2022;2022;P04
1200;12/01/2022;qua;1;jan;2;Q1;Q2;2022;2022;P04
1201;13/01/2022;qui;1;jan;2;Q1;Q2;2022;2022;P04
1202;14/01/2022;sex;1;jan;2;Q1;Q2;2022;2022;P04
1203;15/01/2022;sáb;1;jan;3;Q1;Q2;2022;2022;P04
1204;16/01/2022;dom;1;jan;3;Q1;Q2;2022;2022;P04
1205;17/01/2022;seg;1;jan;3;Q1;Q2;2022;2022;P04
1206;18/01/2022;ter;1;jan;3;Q1;Q2;2022;2022;P04
1207;19/01/2022;qua;1;jan;3;Q1;Q2;2022;2022;P04
1208;20/01/2022;qui;1;jan;3;Q1;Q2;2022;2022;P04
1209;21/01/2022;sex;1;jan;3;Q1;Q2;2022;2022;P04
1210;22/01/2022;sáb;1;jan;4;Q1;Q2;2022;2022;P04
1211;23/01/2022;dom;1;jan;4;Q1;Q2;2022;2022;P04
1212;24/01/2022;seg;1;jan;4;Q1;Q2;2022;2022;P04
1213;25/01/2022;ter;1;jan;4;Q1;Q2;2022;2022;P04
1214;26/01/2022;qua;1;jan;4;Q1;Q2;2022;2022;P04
1215;27/01/2022;qui;1;jan;4;Q1;Q2;2022;2022;P04
1216;28/01/2022;sex;1;jan;4;Q1;Q2;2022;2022;P04
1217;29/01/2022;sáb;1;jan;5;Q1;Q2;2022;2022;P04
1218;30/01/2022;dom;1;jan;5;Q1;Q2;2022;2022;P04
1219;31/01/2022;seg;1;jan;5;Q1;Q2;2022;2022;P04
1220;01/02/2022;ter;2;fev;5;Q1;Q2;2022;2022;P05
1221;02/02/2022;qua;2;fev;5;Q1;Q2;2022;2022;P05
1222;03/02/2022;qui;2;fev;5;Q1;Q2;2022;2022;P05
1223;04/02/2022;sex;2;fev;5;Q1;Q2;2022;2022;P05
1224;05/02/2022;sáb;2;fev;6;Q1;Q2;2022;2022;P05
1225;06/02/2022;dom;2;fev;6;Q1;Q2;2022;2022;P05
1226;07/02/2022;seg;2;fev;6;Q1;Q2;2022;2022;P05
1227;08/02/2022;ter;2;fev;6;Q1;Q2;2022;2022;P05
1228;09/02/2022;qua;2;fev;6;Q1;Q2;2022;2022;P05
1229;10/02/2022;qui;2;fev;6;Q1;Q2;2022;2022;P05
1230;11/02/2022;sex;2;fev;6;Q1;Q2;2022;2022;P05
1231;12/02/2022;sáb;2;fev;7;Q1;Q2;2022;2022;P05
1232;13/02/2022;dom;2;fev;7;Q1;Q2;2022;2022;P05
1233;14/02/2022;seg;2;fev;7;Q1;Q2;2022;2022;P05
1234;15/02/2022;ter;2;fev;7;Q1;Q2;2022;2022;P05
1235;16/02/2022;qua;2;fev;7;Q1;Q2;2022;2022;P05
1236;17/02/2022;qui;2;fev;7;Q1;Q2;2022;2022;P05
1237;18/02/2022;sex;2;fev;7;Q1;Q2;2022;2022;P05
1238;19/02/2022;sáb;2;fev;8;Q1;Q2;2022;2022;P05
1239;20/02/2022;dom;2;fev;8;Q1;Q2;2022;2022;P05
1240;21/02/2022;seg;2;fev;8;Q1;Q2;2022;2022;P05
1241;22/02/2022;ter;2;fev;8;Q1;Q2;2022;2022;P05
1242;23/02/2022;qua;2;fev;8;Q1;Q2;2022;2022;P05
1243;24/02/2022;qui;2;fev;8;Q1;Q2;2022;2022;P05
1244;25/02/2022;sex;2;fev;8;Q1;Q2;2022;2022;P05
1245;26/02/2022;sáb;2;fev;9;Q1;Q2;2022;2022;P05
1246;27/02/2022;dom;2;fev;9;Q1;Q2;2022;2022;P05
1247;28/02/2022;seg;2;fev;9;Q1;Q2;2022;2022;P05
1248;01/03/2022;ter;3;mar;9;Q1;Q2;2022;2022;P06
1249;02/03/2022;qua;3;mar;9;Q1;Q2;2022;2022;P06
1250;03/03/2022;qui;3;mar;9;Q1;Q2;2022;2022;P06
1251;04/03/2022;sex;3;mar;9;Q1;Q2;2022;2022;P06
1252;05/03/2022;sáb;3;mar;10;Q1;Q2;2022;2022;P06
1253;06/03/2022;dom;3;mar;10;Q1;Q2;2022;2022;P06
1254;07/03/2022;seg;3;mar;10;Q1;Q2;2022;2022;P06
1255;08/03/2022;ter;3;mar;10;Q1;Q2;2022;2022;P06
1256;09/03/2022;qua;3;mar;10;Q1;Q2;2022;2022;P06
1257;10/03/2022;qui;3;mar;10;Q1;Q2;2022;2022;P06
1258;11/03/2022;sex;3;mar;10;Q1;Q2;2022;2022;P06
1259;12/03/2022;sáb;3;mar;11;Q1;Q2;2022;2022;P06
1260;13/03/2022;dom;3;mar;11;Q1;Q2;2022;2022;P06
1261;14/03/2022;seg;3;mar;11;Q1;Q2;2022;2022;P06
1262;15/03/2022;ter;3;mar;11;Q1;Q2;2022;2022;P06
1263;16/03/2022;qua;3;mar;11;Q1;Q2;2022;2022;P06
1264;17/03/2022;qui;3;mar;11;Q1;Q2;2022;2022;P06
1265;18/03/2022;sex;3;mar;11;Q1;Q2;2022;2022;P06
1266;19/03/2022;sáb;3;mar;12;Q1;Q2;2022;2022;P06
1267;20/03/2022;dom;3;mar;12;Q1;Q2;2022;2022;P06
1268;21/03/2022;seg;3;mar;12;Q1;Q2;2022;2022;P06
1269;22/03/2022;ter;3;mar;12;Q1;Q2;2022;2022;P06
1270;23/03/2022;qua;3;mar;12;Q1;Q2;2022;2022;P06
1271;24/03/2022;qui;3;mar;12;Q1;Q2;2022;2022;P06
1272;25/03/2022;sex;3;mar;12;Q1;Q2;2022;2022;P06
1273;26/03/2022;sáb;3;mar;13;Q1;Q2;2022;2022;P06
1274;27/03/2022;dom;3;mar;13;Q1;Q2;2022;2022;P06
1275;28/03/2022;seg;3;mar;13;Q1;Q2;2022;2022;P06
1276;29/03/2022;ter;3;mar;13;Q1;Q2;2022;2022;P06
1277;30/03/2022;qua;3;mar;13;Q1;Q2;2022;2022;P06
1278;31/03/2022;qui;3;mar;13;Q1;Q2;2022;2022;P06
1279;01/04/2022;sex;4;abr;13;Q2;Q3;2022;2022;P07
1280;02/04/2022;sáb;4;abr;14;Q2;Q3;2022;2022;P07
1281;03/04/2022;dom;4;abr;14;Q2;Q3;2022;2022;P07
1282;04/04/2022;seg;4;abr;14;Q2;Q3;2022;2022;P07
1283;05/04/2022;ter;4;abr;14;Q2;Q3;2022;2022;P07
1284;06/04/2022;qua;4;abr;14;Q2;Q3;2022;2022;P07
1285;07/04/2022;qui;4;abr;14;Q2;Q3;2022;2022;P07
1286;08/04/2022;sex;4;abr;14;Q2;Q3;2022;2022;P07
1287;09/04/2022;sáb;4;abr;15;Q2;Q3;2022;2022;P07
1288;10/04/2022;dom;4;abr;15;Q2;Q3;2022;2022;P07
1289;11/04/2022;seg;4;abr;15;Q2;Q3;2022;2022;P07
1290;12/04/2022;ter;4;abr;15;Q2;Q3;2022;2022;P07
1291;13/04/2022;qua;4;abr;15;Q2;Q3;2022;2022;P07
1292;14/04/2022;qui;4;abr;15;Q2;Q3;2022;2022;P07
1293;15/04/2022;sex;4;abr;15;Q2;Q3;2022;2022;P07
1294;16/04/2022;sáb;4;abr;16;Q2;Q3;2022;2022;P07
1295;17/04/2022;dom;4;abr;16;Q2;Q3;2022;2022;P07
1296;18/04/2022;seg;4;abr;16;Q2;Q3;2022;2022;P07
1297;19/04/2022;ter;4;abr;16;Q2;Q3;2022;2022;P07
1298;20/04/2022;qua;4;abr;16;Q2;Q3;2022;2022;P07
1299;21/04/2022;qui;4;abr;16;Q2;Q3;2022;2022;P07
1300;22/04/2022;sex;4;abr;16;Q2;Q3;2022;2022;P07
1301;23/04/2022;sáb;4;abr;17;Q2;Q3;2022;2022;P07
1302;24/04/2022;dom;4;abr;17;Q2;Q3;2022;2022;P07
1303;25/04/2022;seg;4;abr;17;Q2;Q3;2022;2022;P07
1304;26/04/2022;ter;4;abr;17;Q2;Q3;2022;2022;P07
1305;27/04/2022;qua;4;abr;17;Q2;Q3;2022;2022;P07
1306;28/04/2022;qui;4;abr;17;Q2;Q3;2022;2022;P07
1307;29/04/2022;sex;4;abr;17;Q2;Q3;2022;2022;P07
1308;30/04/2022;sáb;4;abr;18;Q2;Q3;2022;2022;P07
1309;01/05/2022;dom;5;mai;18;Q2;Q3;2022;2022;P08
1310;02/05/2022;seg;5;mai;18;Q2;Q3;2022;2022;P08
1311;03/05/2022;ter;5;mai;18;Q2;Q3;2022;2022;P08
1312;04/05/2022;qua;5;mai;18;Q2;Q3;2022;2022;P08
1313;05/05/2022;qui;5;mai;18;Q2;Q3;2022;2022;P08
1314;06/05/2022;sex;5;mai;18;Q2;Q3;2022;2022;P08
1315;07/05/2022;sáb;5;mai;19;Q2;Q3;2022;2022;P08
1316;08/05/2022;dom;5;mai;19;Q2;Q3;2022;2022;P08
1317;09/05/2022;seg;5;mai;19;Q2;Q3;2022;2022;P08
1318;10/05/2022;ter;5;mai;19;Q2;Q3;2022;2022;P08
1319;11/05/2022;qua;5;mai;19;Q2;Q3;2022;2022;P08
1320;12/05/2022;qui;5;mai;19;Q2;Q3;2022;2022;P08
1321;13/05/2022;sex;5;mai;19;Q2;Q3;2022;2022;P08
1322;14/05/2022;sáb;5;mai;20;Q2;Q3;2022;2022;P08
1323;15/05/2022;dom;5;mai;20;Q2;Q3;2022;2022;P08
1324;16/05/2022;seg;5;mai;20;Q2;Q3;2022;2022;P08
1325;17/05/2022;ter;5;mai;20;Q2;Q3;2022;2022;P08
1326;18/05/2022;qua;5;mai;20;Q2;Q3;2022;2022;P08
1327;19/05/2022;qui;5;mai;20;Q2;Q3;2022;2022;P08
1328;20/05/2022;sex;5;mai;20;Q2;Q3;2022;2022;P08
1329;21/05/2022;sáb;5;mai;21;Q2;Q3;2022;2022;P08
1330;22/05/2022;dom;5;mai;21;Q2;Q3;2022;2022;P08
1331;23/05/2022;seg;5;mai;21;Q2;Q3;2022;2022;P08
1332;24/05/2022;ter;5;mai;21;Q2;Q3;2022;2022;P08
1333;25/05/2022;qua;5;mai;21;Q2;Q3;2022;2022;P08
1334;26/05/2022;qui;5;mai;21;Q2;Q3;2022;2022;P08
1335;27/05/2022;sex;5;mai;21;Q2;Q3;2022;2022;P08
1336;28/05/2022;sáb;5;mai;22;Q2;Q3;2022;2022;P08
1337;29/05/2022;dom;5;mai;22;Q2;Q3;2022;2022;P08
1338;30/05/2022;seg;5;mai;22;Q2;Q3;2022;2022;P08
1339;31/05/2022;ter;5;mai;22;Q2;Q3;2022;2022;P08
1340;01/06/2022;qua;6;jun;22;Q2;Q3;2022;2022;P09
1341;02/06/2022;qui;6;jun;22;Q2;Q3;2022;2022;P09
1342;03/06/2022;sex;6;jun;22;Q2;Q3;2022;2022;P09
1343;04/06/2022;sáb;6;jun;23;Q2;Q3;2022;2022;P09
1344;05/06/2022;dom;6;jun;23;Q2;Q3;2022;2022;P09
1345;06/06/2022;seg;6;jun;23;Q2;Q3;2022;2022;P09
1346;07/06/2022;ter;6;jun;23;Q2;Q3;2022;2022;P09
1347;08/06/2022;qua;6;jun;23;Q2;Q3;2022;2022;P09
1348;09/06/2022;qui;6;jun;23;Q2;Q3;2022;2022;P09
1349;10/06/2022;sex;6;jun;23;Q2;Q3;2022;2022;P09
1350;11/06/2022;sáb;6;jun;24;Q2;Q3;2022;2022;P09
1351;12/06/2022;dom;6;jun;24;Q2;Q3;2022;2022;P09
1352;13/06/2022;seg;6;jun;24;Q2;Q3;2022;2022;P09
1353;14/06/2022;ter;6;jun;24;Q2;Q3;2022;2022;P09
1354;15/06/2022;qua;6;jun;24;Q2;Q3;2022;2022;P09
1355;16/06/2022;qui;6;jun;24;Q2;Q3;2022;2022;P09
1356;17/06/2022;sex;6;jun;24;Q2;Q3;2022;2022;P09
1357;18/06/2022;sáb;6;jun;25;Q2;Q3;2022;2022;P09
1358;19/06/2022;dom;6;jun;25;Q2;Q3;2022;2022;P09
1359;20/06/2022;seg;6;jun;25;Q2;Q3;2022;2022;P09
1360;21/06/2022;ter;6;jun;25;Q2;Q3;2022;2022;P09
1361;22/06/2022;qua;6;jun;25;Q2;Q3;2022;2022;P09
1362;23/06/2022;qui;6;jun;25;Q2;Q3;2022;2022;P09
1363;24/06/2022;sex;6;jun;25;Q2;Q3;2022;2022;P09
1364;25/06/2022;sáb;6;jun;26;Q2;Q3;2022;2022;P09
1365;26/06/2022;dom;6;jun;26;Q2;Q3;2022;2022;P09
1366;27/06/2022;seg;6;jun;26;Q2;Q3;2022;2022;P09
1367;28/06/2022;ter;6;jun;26;Q2;Q3;2022;2022;P09
1368;29/06/2022;qua;6;jun;26;Q2;Q3;2022;2022;P09
1369;30/06/2022;qui;6;jun;26;Q2;Q3;2022;2022;P09
1370;01/07/2022;sex;7;jul;26;Q3;Q4;2022;2022;P10
1371;02/07/2022;sáb;7;jul;27;Q3;Q4;2022;2022;P10
1372;03/07/2022;dom;7;jul;27;Q3;Q4;2022;2022;P10
1373;04/07/2022;seg;7;jul;27;Q3;Q4;2022;2022;P10
1374;05/07/2022;ter;7;jul;27;Q3;Q4;2022;2022;P10
1375;06/07/2022;qua;7;jul;27;Q3;Q4;2022;2022;P10
1376;07/07/2022;qui;7;jul;27;Q3;Q4;2022;2022;P10
1377;08/07/2022;sex;7;jul;27;Q3;Q4;2022;2022;P10
1378;09/07/2022;sáb;7;jul;28;Q3;Q4;2022;2022;P10
1379;10/07/2022;dom;7;jul;28;Q3;Q4;2022;2022;P10
1380;11/07/2022;seg;7;jul;28;Q3;Q4;2022;2022;P10
1381;12/07/2022;ter;7;jul;28;Q3;Q4;2022;2022;P10
1382;13/07/2022;qua;7;jul;28;Q3;Q4;2022;2022;P10
1383;14/07/2022;qui;7;jul;28;Q3;Q4;2022;2022;P10
1384;15/07/2022;sex;7;jul;28;Q3;Q4;2022;2022;P10
1385;16/07/2022;sáb;7;jul;29;Q3;Q4;2022;2022;P10
1386;17/07/2022;dom;7;jul;29;Q3;Q4;2022;2022;P10
1387;18/07/2022;seg;7;jul;29;Q3;Q4;2022;2022;P10
1388;19/07/2022;ter;7;jul;29;Q3;Q4;2022;2022;P10
1389;20/07/2022;qua;7;jul;29;Q3;Q4;2022;2022;P10
1390;21/07/2022;qui;7;jul;29;Q3;Q4;2022;2022;P10
1391;22/07/2022;sex;7;jul;29;Q3;Q4;2022;2022;P10
1392;23/07/2022;sáb;7;jul;30;Q3;Q4;2022;2022;P10
1393;24/07/2022;dom;7;jul;30;Q3;Q4;2022;2022;P10
1394;25/07/2022;seg;7;jul;30;Q3;Q4;2022;2022;P10
1395;26/07/2022;ter;7;jul;30;Q3;Q4;2022;2022;P10
1396;27/07/2022;qua;7;jul;30;Q3;Q4;2022;2022;P10
1397;28/07/2022;qui;7;jul;30;Q3;Q4;2022;2022;P10
1398;29/07/2022;sex;7;jul;30;Q3;Q4;2022;2022;P10
1399;30/07/2022;sáb;7;jul;31;Q3;Q4;2022;2022;P10
1400;31/07/2022;dom;7;jul;31;Q3;Q4;2022;2022;P10
1401;01/08/2022;seg;8;ago;31;Q3;Q4;2022;2022;P11
1402;02/08/2022;ter;8;ago;31;Q3;Q4;2022;2022;P11
1403;03/08/2022;qua;8;ago;31;Q3;Q4;2022;2022;P11
1404;04/08/2022;qui;8;ago;31;Q3;Q4;2022;2022;P11
1405;05/08/2022;sex;8;ago;31;Q3;Q4;2022;2022;P11
1406;06/08/2022;sáb;8;ago;32;Q3;Q4;2022;2022;P11
1407;07/08/2022;dom;8;ago;32;Q3;Q4;2022;2022;P11
1408;08/08/2022;seg;8;ago;32;Q3;Q4;2022;2022;P11
1409;09/08/2022;ter;8;ago;32;Q3;Q4;2022;2022;P11
1410;10/08/2022;qua;8;ago;32;Q3;Q4;2022;2022;P11
1411;11/08/2022;qui;8;ago;32;Q3;Q4;2022;2022;P11
1412;12/08/2022;sex;8;ago;32;Q3;Q4;2022;2022;P11
1413;13/08/2022;sáb;8;ago;33;Q3;Q4;2022;2022;P11
1414;14/08/2022;dom;8;ago;33;Q3;Q4;2022;2022;P11
1415;15/08/2022;seg;8;ago;33;Q3;Q4;2022;2022;P11
1416;16/08/2022;ter;8;ago;33;Q3;Q4;2022;2022;P11
1417;17/08/2022;qua;8;ago;33;Q3;Q4;2022;2022;P11
1418;18/08/2022;qui;8;ago;33;Q3;Q4;2022;2022;P11
1419;19/08/2022;sex;8;ago;33;Q3;Q4;2022;2022;P11
1420;20/08/2022;sáb;8;ago;34;Q3;Q4;2022;2022;P11
1421;21/08/2022;dom;8;ago;34;Q3;Q4;2022;2022;P11
1422;22/08/2022;seg;8;ago;34;Q3;Q4;2022;2022;P11
1423;23/08/2022;ter;8;ago;34;Q3;Q4;2022;2022;P11
1424;24/08/2022;qua;8;ago;34;Q3;Q4;2022;2022;P11
1425;25/08/2022;qui;8;ago;34;Q3;Q4;2022;2022;P11
1426;26/08/2022;sex;8;ago;34;Q3;Q4;2022;2022;P11
1427;27/08/2022;sáb;8;ago;35;Q3;Q4;2022;2022;P11
1428;28/08/2022;dom;8;ago;35;Q3;Q4;2022;2022;P11
1429;29/08/2022;seg;8;ago;35;Q3;Q4;2022;2022;P11
1430;30/08/2022;ter;8;ago;35;Q3;Q4;2022;2022;P11
1431;31/08/2022;qua;8;ago;35;Q3;Q4;2022;2022;P11
1432;01/09/2022;qui;9;set;35;Q3;Q4;2022;2022;P12
1433;02/09/2022;sex;9;set;35;Q3;Q4;2022;2022;P12
1434;03/09/2022;sáb;9;set;36;Q3;Q4;2022;2022;P12
1435;04/09/2022;dom;9;set;36;Q3;Q4;2022;2022;P12
1436;05/09/2022;seg;9;set;36;Q3;Q4;2022;2022;P12
1437;06/09/2022;ter;9;set;36;Q3;Q4;2022;2022;P12
1438;07/09/2022;qua;9;set;36;Q3;Q4;2022;2022;P12
1439;08/09/2022;qui;9;set;36;Q3;Q4;2022;2022;P12
1440;09/09/2022;sex;9;set;36;Q3;Q4;2022;2022;P12
1441;10/09/2022;sáb;9;set;37;Q3;Q4;2022;2022;P12
1442;11/09/2022;dom;9;set;37;Q3;Q4;2022;2022;P12
1443;12/09/2022;seg;9;set;37;Q3;Q4;2022;2022;P12
1444;13/09/2022;ter;9;set;37;Q3;Q4;2022;2022;P12
1445;14/09/2022;qua;9;set;37;Q3;Q4;2022;2022;P12
1446;15/09/2022;qui;9;set;37;Q3;Q4;2022;2022;P12
1447;16/09/2022;sex;9;set;37;Q3;Q4;2022;2022;P12
1448;17/09/2022;sáb;9;set;38;Q3;Q4;2022;2022;P12
1449;18/09/2022;dom;9;set;38;Q3;Q4;2022;2022;P12
1450;19/09/2022;seg;9;set;38;Q3;Q4;2022;2022;P12
1451;20/09/2022;ter;9;set;38;Q3;Q4;2022;2022;P12
1452;21/09/2022;qua;9;set;38;Q3;Q4;2022;2022;P12
1453;22/09/2022;qui;9;set;38;Q3;Q4;2022;2022;P12
1454;23/09/2022;sex;9;set;38;Q3;Q4;2022;2022;P12
1455;24/09/2022;sáb;9;set;39;Q3;Q4;2022;2022;P12
1456;25/09/2022;dom;9;set;39;Q3;Q4;2022;2022;P12
1457;26/09/2022;seg;9;set;39;Q3;Q4;2022;2022;P12
1458;27/09/2022;ter;9;set;39;Q3;Q4;2022;2022;P12
1459;28/09/2022;qua;9;set;39;Q3;Q4;2022;2022;P12
1460;29/09/2022;qui;9;set;39;Q3;Q4;2022;2022;P12
1461;30/09/2022;sex;9;set;39;Q3;Q4;2022;2022;P12
1462;01/10/2022;sáb;10;out;40;Q4;Q1;2022;2023;P01
1463;02/10/2022;dom;10;out;40;Q4;Q1;2022;2023;P01
1464;03/10/2022;seg;10;out;40;Q4;Q1;2022;2023;P01
1465;04/10/2022;ter;10;out;40;Q4;Q1;2022;2023;P01
1466;05/10/2022;qua;10;out;40;Q4;Q1;2022;2023;P01
1467;06/10/2022;qui;10;out;40;Q4;Q1;2022;2023;P01
1468;07/10/2022;sex;10;out;40;Q4;Q1;2022;2023;P01
1469;08/10/2022;sáb;10;out;41;Q4;Q1;2022;2023;P01
1470;09/10/2022;dom;10;out;41;Q4;Q1;2022;2023;P01
1471;10/10/2022;seg;10;out;41;Q4;Q1;2022;2023;P01
1472;11/10/2022;ter;10;out;41;Q4;Q1;2022;2023;P01
1473;12/10/2022;qua;10;out;41;Q4;Q1;2022;2023;P01
1474;13/10/2022;qui;10;out;41;Q4;Q1;2022;2023;P01
1475;14/10/2022;sex;10;out;41;Q4;Q1;2022;2023;P01
1476;15/10/2022;sáb;10;out;42;Q4;Q1;2022;2023;P01
1477;16/10/2022;dom;10;out;42;Q4;Q1;2022;2023;P01
1478;17/10/2022;seg;10;out;42;Q4;Q1;2022;2023;P01
1479;18/10/2022;ter;10;out;42;Q4;Q1;2022;2023;P01
1480;19/10/2022;qua;10;out;42;Q4;Q1;2022;2023;P01
1481;20/10/2022;qui;10;out;42;Q4;Q1;2022;2023;P01
1482;21/10/2022;sex;10;out;42;Q4;Q1;2022;2023;P01
1483;22/10/2022;sáb;10;out;43;Q4;Q1;2022;2023;P01
1484;23/10/2022;dom;10;out;43;Q4;Q1;2022;2023;P01
1485;24/10/2022;seg;10;out;43;Q4;Q1;2022;2023;P01
1486;25/10/2022;ter;10;out;43;Q4;Q1;2022;2023;P01
1487;26/10/2022;qua;10;out;43;Q4;Q1;2022;2023;P01
1488;27/10/2022;qui;10;out;43;Q4;Q1;2022;2023;P01
1489;28/10/2022;sex;10;out;43;Q4;Q1;2022;2023;P01
1490;29/10/2022;sáb;10;out;44;Q4;Q1;2022;2023;P01
1491;30/10/2022;dom;10;out;44;Q4;Q1;2022;2023;P01
1492;31/10/2022;seg;10;out;44;Q4;Q1;2022;2023;P01
1493;01/11/2022;ter;11;nov;44;Q4;Q1;2022;2023;P02
1494;02/11/2022;qua;11;nov;44;Q4;Q1;2022;2023;P02
1495;03/11/2022;qui;11;nov;44;Q4;Q1;2022;2023;P02
1496;04/11/2022;sex;11;nov;44;Q4;Q1;2022;2023;P02
1497;05/11/2022;sáb;11;nov;45;Q4;Q1;2022;2023;P02
1498;06/11/2022;dom;11;nov;45;Q4;Q1;2022;2023;P02
1499;07/11/2022;seg;11;nov;45;Q4;Q1;2022;2023;P02
1500;08/11/2022;ter;11;nov;45;Q4;Q1;2022;2023;P02
1501;09/11/2022;qua;11;nov;45;Q4;Q1;2022;2023;P02
1502;10/11/2022;qui;11;nov;45;Q4;Q1;2022;2023;P02
1503;11/11/2022;sex;11;nov;45;Q4;Q1;2022;2023;P02
1504;12/11/2022;sáb;11;nov;46;Q4;Q1;2022;2023;P02
1505;13/11/2022;dom;11;nov;46;Q4;Q1;2022;2023;P02
1506;14/11/2022;seg;11;nov;46;Q4;Q1;2022;2023;P02
1507;15/11/2022;ter;11;nov;46;Q4;Q1;2022;2023;P02
1508;16/11/2022;qua;11;nov;46;Q4;Q1;2022;2023;P02
1509;17/11/2022;qui;11;nov;46;Q4;Q1;2022;2023;P02
1510;18/11/2022;sex;11;nov;46;Q4;Q1;2022;2023;P02
1511;19/11/2022;sáb;11;nov;47;Q4;Q1;2022;2023;P02
1512;20/11/2022;dom;11;nov;47;Q4;Q1;2022;2023;P02
1513;21/11/2022;seg;11;nov;47;Q4;Q1;2022;2023;P02
1514;22/11/2022;ter;11;nov;47;Q4;Q1;2022;2023;P02
1515;23/11/2022;qua;11;nov;47;Q4;Q1;2022;2023;P02
1516;24/11/2022;qui;11;nov;47;Q4;Q1;2022;2023;P02
1517;25/11/2022;sex;11;nov;47;Q4;Q1;2022;2023;P02
1518;26/11/2022;sáb;11;nov;48;Q4;Q1;2022;2023;P02
1519;27/11/2022;dom;11;nov;48;Q4;Q1;2022;2023;P02
1520;28/11/2022;seg;11;nov;48;Q4;Q1;2022;2023;P02
1521;29/11/2022;ter;11;nov;48;Q4;Q1;2022;2023;P02
1522;30/11/2022;qua;11;nov;48;Q4;Q1;2022;2023;P02
1523;01/12/2022;qui;12;dez;48;Q4;Q1;2022;2023;P03
1524;02/12/2022;sex;12;dez;48;Q4;Q1;2022;2023;P03
1525;03/12/2022;sáb;12;dez;49;Q4;Q1;2022;2023;P03
1526;04/12/2022;dom;12;dez;49;Q4;Q1;2022;2023;P03
1527;05/12/2022;seg;12;dez;49;Q4;Q1;2022;2023;P03
1528;06/12/2022;ter;12;dez;49;Q4;Q1;2022;2023;P03
1529;07/12/2022;qua;12;dez;49;Q4;Q1;2022;2023;P03
1530;08/12/2022;qui;12;dez;49;Q4;Q1;2022;2023;P03
1531;09/12/2022;sex;12;dez;49;Q4;Q1;2022;2023;P03
1532;10/12/2022;sáb;12;dez;50;Q4;Q1;2022;2023;P03
1533;11/12/2022;dom;12;dez;50;Q4;Q1;2022;2023;P03
1534;12/12/2022;seg;12;dez;50;Q4;Q1;2022;2023;P03
1535;13/12/2022;ter;12;dez;50;Q4;Q1;2022;2023;P03
1536;14/12/2022;qua;12;dez;50;Q4;Q1;2022;2023;P03
1537;15/12/2022;qui;12;dez;50;Q4;Q1;2022;2023;P03
1538;16/12/2022;sex;12;dez;50;Q4;Q1;2022;2023;P03
1539;17/12/2022;sáb;12;dez;51;Q4;Q1;2022;2023;P03
1540;18/12/2022;dom;12;dez;51;Q4;Q1;2022;2023;P03
1541;19/12/2022;seg;12;dez;51;Q4;Q1;2022;2023;P03
1542;20/12/2022;ter;12;dez;51;Q4;Q1;2022;2023;P03
1543;21/12/2022;qua;12;dez;51;Q4;Q1;2022;2023;P03
1544;22/12/2022;qui;12;dez;51;Q4;Q1;2022;2023;P03
1545;23/12/2022;sex;12;dez;51;Q4;Q1;2022;2023;P03
1546;24/12/2022;sáb;12;dez;52;Q4;Q1;2022;2023;P03
1547;25/12/2022;dom;12;dez;52;Q4;Q1;2022;2023;P03
1548;26/12/2022;seg;12;dez;52;Q4;Q1;2022;2023;P03
1549;27/12/2022;ter;12;dez;52;Q4;Q1;2022;2023;P03
1550;28/12/2022;qua;12;dez;52;Q4;Q1;2022;2023;P03
1551;29/12/2022;qui;12;dez;52;Q4;Q1;2022;2023;P03
1552;30/12/2022;sex;12;dez;52;Q4;Q1;2022;2023;P03
1553;31/12/2022;sáb;12;dez;53;Q4;Q1;2022;2023;P03
1554;01/01/2023;dom;1;jan;1;Q1;Q2;2023;2023;P04
1555;02/01/2023;seg;1;jan;1;Q1;Q2;2023;2023;P04
1556;03/01/2023;ter;1;jan;1;Q1;Q2;2023;2023;P04
1557;04/01/2023;qua;1;jan;1;Q1;Q2;2023;2023;P04
1558;05/01/2023;qui;1;jan;1;Q1;Q2;2023;2023;P04
1559;06/01/2023;sex;1;jan;1;Q1;Q2;2023;2023;P04
1560;07/01/2023;sáb;1;jan;1;Q1;Q2;2023;2023;P04
1561;08/01/2023;dom;1;jan;2;Q1;Q2;2023;2023;P04
1562;09/01/2023;seg;1;jan;2;Q1;Q2;2023;2023;P04
1563;10/01/2023;ter;1;jan;2;Q1;Q2;2023;2023;P04
1564;11/01/2023;qua;1;jan;2;Q1;Q2;2023;2023;P04
1565;12/01/2023;qui;1;jan;2;Q1;Q2;2023;2023;P04
1566;13/01/2023;sex;1;jan;2;Q1;Q2;2023;2023;P04
1567;14/01/2023;sáb;1;jan;2;Q1;Q2;2023;2023;P04
1568;15/01/2023;dom;1;jan;3;Q1;Q2;2023;2023;P04
1569;16/01/2023;seg;1;jan;3;Q1;Q2;2023;2023;P04
1570;17/01/2023;ter;1;jan;3;Q1;Q2;2023;2023;P04
1571;18/01/2023;qua;1;jan;3;Q1;Q2;2023;2023;P04
1572;19/01/2023;qui;1;jan;3;Q1;Q2;2023;2023;P04
1573;20/01/2023;sex;1;jan;3;Q1;Q2;2023;2023;P04
1574;21/01/2023;sáb;1;jan;3;Q1;Q2;2023;2023;P04
1575;22/01/2023;dom;1;jan;4;Q1;Q2;2023;2023;P04
1576;23/01/2023;seg;1;jan;4;Q1;Q2;2023;2023;P04
1577;24/01/2023;ter;1;jan;4;Q1;Q2;2023;2023;P04
1578;25/01/2023;qua;1;jan;4;Q1;Q2;2023;2023;P04
1579;26/01/2023;qui;1;jan;4;Q1;Q2;2023;2023;P04
1580;27/01/2023;sex;1;jan;4;Q1;Q2;2023;2023;P04
1581;28/01/2023;sáb;1;jan;4;Q1;Q2;2023;2023;P04
1582;29/01/2023;dom;1;jan;5;Q1;Q2;2023;2023;P04
1583;30/01/2023;seg;1;jan;5;Q1;Q2;2023;2023;P04
1584;31/01/2023;ter;1;jan;5;Q1;Q2;2023;2023;P04
1585;01/02/2023;qua;2;fev;5;Q1;Q2;2023;2023;P05
1586;02/02/2023;qui;2;fev;5;Q1;Q2;2023;2023;P05
1587;03/02/2023;sex;2;fev;5;Q1;Q2;2023;2023;P05
1588;04/02/2023;sáb;2;fev;5;Q1;Q2;2023;2023;P05
1589;05/02/2023;dom;2;fev;6;Q1;Q2;2023;2023;P05
1590;06/02/2023;seg;2;fev;6;Q1;Q2;2023;2023;P05
1591;07/02/2023;ter;2;fev;6;Q1;Q2;2023;2023;P05
1592;08/02/2023;qua;2;fev;6;Q1;Q2;2023;2023;P05
1593;09/02/2023;qui;2;fev;6;Q1;Q2;2023;2023;P05
1594;10/02/2023;sex;2;fev;6;Q1;Q2;2023;2023;P05
1595;11/02/2023;sáb;2;fev;6;Q1;Q2;2023;2023;P05
1596;12/02/2023;dom;2;fev;7;Q1;Q2;2023;2023;P05
1597;13/02/2023;seg;2;fev;7;Q1;Q2;2023;2023;P05
1598;14/02/2023;ter;2;fev;7;Q1;Q2;2023;2023;P05
1599;15/02/2023;qua;2;fev;7;Q1;Q2;2023;2023;P05
1600;16/02/2023;qui;2;fev;7;Q1;Q2;2023;2023;P05
1601;17/02/2023;sex;2;fev;7;Q1;Q2;2023;2023;P05
1602;18/02/2023;sáb;2;fev;7;Q1;Q2;2023;2023;P05
1603;19/02/2023;dom;2;fev;8;Q1;Q2;2023;2023;P05
1604;20/02/2023;seg;2;fev;8;Q1;Q2;2023;2023;P05
1605;21/02/2023;ter;2;fev;8;Q1;Q2;2023;2023;P05
1606;22/02/2023;qua;2;fev;8;Q1;Q2;2023;2023;P05
1607;23/02/2023;qui;2;fev;8;Q1;Q2;2023;2023;P05
1608;24/02/2023;sex;2;fev;8;Q1;Q2;2023;2023;P05
1609;25/02/2023;sáb;2;fev;8;Q1;Q2;2023;2023;P05
1610;26/02/2023;dom;2;fev;9;Q1;Q2;2023;2023;P05
1611;27/02/2023;seg;2;fev;9;Q1;Q2;2023;2023;P05
1612;28/02/2023;ter;2;fev;9;Q1;Q2;2023;2023;P05
1613;01/03/2023;qua;3;mar;9;Q1;Q2;2023;2023;P06
1614;02/03/2023;qui;3;mar;9;Q1;Q2;2023;2023;P06
1615;03/03/2023;sex;3;mar;9;Q1;Q2;2023;2023;P06
1616;04/03/2023;sáb;3;mar;9;Q1;Q2;2023;2023;P06
1617;05/03/2023;dom;3;mar;10;Q1;Q2;2023;2023;P06
1618;06/03/2023;seg;3;mar;10;Q1;Q2;2023;2023;P06
1619;07/03/2023;ter;3;mar;10;Q1;Q2;2023;2023;P06
1620;08/03/2023;qua;3;mar;10;Q1;Q2;2023;2023;P06
1621;09/03/2023;qui;3;mar;10;Q1;Q2;2023;2023;P06
1622;10/03/2023;sex;3;mar;10;Q1;Q2;2023;2023;P06
1623;11/03/2023;sáb;3;mar;10;Q1;Q2;2023;2023;P06
1624;12/03/2023;dom;3;mar;11;Q1;Q2;2023;2023;P06
1625;13/03/2023;seg;3;mar;11;Q1;Q2;2023;2023;P06
1626;14/03/2023;ter;3;mar;11;Q1;Q2;2023;2023;P06
1627;15/03/2023;qua;3;mar;11;Q1;Q2;2023;2023;P06
1628;16/03/2023;qui;3;mar;11;Q1;Q2;2023;2023;P06
1629;17/03/2023;sex;3;mar;11;Q1;Q2;2023;2023;P06
1630;18/03/2023;sáb;3;mar;11;Q1;Q2;2023;2023;P06
1631;19/03/2023;dom;3;mar;12;Q1;Q2;2023;2023;P06
1632;20/03/2023;seg;3;mar;12;Q1;Q2;2023;2023;P06
1633;21/03/2023;ter;3;mar;12;Q1;Q2;2023;2023;P06
1634;22/03/2023;qua;3;mar;12;Q1;Q2;2023;2023;P06
1635;23/03/2023;qui;3;mar;12;Q1;Q2;2023;2023;P06
1636;24/03/2023;sex;3;mar;12;Q1;Q2;2023;2023;P06
1637;25/03/2023;sáb;3;mar;12;Q1;Q2;2023;2023;P06
1638;26/03/2023;dom;3;mar;13;Q1;Q2;2023;2023;P06
1639;27/03/2023;seg;3;mar;13;Q1;Q2;2023;2023;P06
1640;28/03/2023;ter;3;mar;13;Q1;Q2;2023;2023;P06
1641;29/03/2023;qua;3;mar;13;Q1;Q2;2023;2023;P06
1642;30/03/2023;qui;3;mar;13;Q1;Q2;2023;2023;P06
1643;31/03/2023;sex;3;mar;13;Q1;Q2;2023;2023;P06
1644;01/04/2023;sáb;4;abr;13;Q2;Q3;2023;2023;P07
1645;02/04/2023;dom;4;abr;14;Q2;Q3;2023;2023;P07
1646;03/04/2023;seg;4;abr;14;Q2;Q3;2023;2023;P07
1647;04/04/2023;ter;4;abr;14;Q2;Q3;2023;2023;P07
1648;05/04/2023;qua;4;abr;14;Q2;Q3;2023;2023;P07
1649;06/04/2023;qui;4;abr;14;Q2;Q3;2023;2023;P07
1650;07/04/2023;sex;4;abr;14;Q2;Q3;2023;2023;P07
1651;08/04/2023;sáb;4;abr;14;Q2;Q3;2023;2023;P07
1652;09/04/2023;dom;4;abr;15;Q2;Q3;2023;2023;P07
1653;10/04/2023;seg;4;abr;15;Q2;Q3;2023;2023;P07
1654;11/04/2023;ter;4;abr;15;Q2;Q3;2023;2023;P07
1655;12/04/2023;qua;4;abr;15;Q2;Q3;2023;2023;P07
1656;13/04/2023;qui;4;abr;15;Q2;Q3;2023;2023;P07
1657;14/04/2023;sex;4;abr;15;Q2;Q3;2023;2023;P07
1658;15/04/2023;sáb;4;abr;15;Q2;Q3;2023;2023;P07
1659;16/04/2023;dom;4;abr;16;Q2;Q3;2023;2023;P07
1660;17/04/2023;seg;4;abr;16;Q2;Q3;2023;2023;P07
1661;18/04/2023;ter;4;abr;16;Q2;Q3;2023;2023;P07
1662;19/04/2023;qua;4;abr;16;Q2;Q3;2023;2023;P07
1663;20/04/2023;qui;4;abr;16;Q2;Q3;2023;2023;P07
1664;21/04/2023;sex;4;abr;16;Q2;Q3;2023;2023;P07
1665;22/04/2023;sáb;4;abr;16;Q2;Q3;2023;2023;P07
1666;23/04/2023;dom;4;abr;17;Q2;Q3;2023;2023;P07
1667;24/04/2023;seg;4;abr;17;Q2;Q3;2023;2023;P07
1668;25/04/2023;ter;4;abr;17;Q2;Q3;2023;2023;P07
1669;26/04/2023;qua;4;abr;17;Q2;Q3;2023;2023;P07
1670;27/04/2023;qui;4;abr;17;Q2;Q3;2023;2023;P07
1671;28/04/2023;sex;4;abr;17;Q2;Q3;2023;2023;P07
1672;29/04/2023;sáb;4;abr;17;Q2;Q3;2023;2023;P07
1673;30/04/2023;dom;4;abr;18;Q2;Q3;2023;2023;P07
1674;01/05/2023;seg;5;mai;18;Q2;Q3;2023;2023;P08
1675;02/05/2023;ter;5;mai;18;Q2;Q3;2023;2023;P08
1676;03/05/2023;qua;5;mai;18;Q2;Q3;2023;2023;P08
1677;04/05/2023;qui;5;mai;18;Q2;Q3;2023;2023;P08
1678;05/05/2023;sex;5;mai;18;Q2;Q3;2023;2023;P08
1679;06/05/2023;sáb;5;mai;18;Q2;Q3;2023;2023;P08
1680;07/05/2023;dom;5;mai;19;Q2;Q3;2023;2023;P08
1681;08/05/2023;seg;5;mai;19;Q2;Q3;2023;2023;P08
1682;09/05/2023;ter;5;mai;19;Q2;Q3;2023;2023;P08
1683;10/05/2023;qua;5;mai;19;Q2;Q3;2023;2023;P08
1684;11/05/2023;qui;5;mai;19;Q2;Q3;2023;2023;P08
1685;12/05/2023;sex;5;mai;19;Q2;Q3;2023;2023;P08
1686;13/05/2023;sáb;5;mai;19;Q2;Q3;2023;2023;P08
1687;14/05/2023;dom;5;mai;20;Q2;Q3;2023;2023;P08
1688;15/05/2023;seg;5;mai;20;Q2;Q3;2023;2023;P08
1689;16/05/2023;ter;5;mai;20;Q2;Q3;2023;2023;P08
1690;17/05/2023;qua;5;mai;20;Q2;Q3;2023;2023;P08
1691;18/05/2023;qui;5;mai;20;Q2;Q3;2023;2023;P08
1692;19/05/2023;sex;5;mai;20;Q2;Q3;2023;2023;P08
1693;20/05/2023;sáb;5;mai;20;Q2;Q3;2023;2023;P08
1694;21/05/2023;dom;5;mai;21;Q2;Q3;2023;2023;P08
1695;22/05/2023;seg;5;mai;21;Q2;Q3;2023;2023;P08
1696;23/05/2023;ter;5;mai;21;Q2;Q3;2023;2023;P08
1697;24/05/2023;qua;5;mai;21;Q2;Q3;2023;2023;P08
1698;25/05/2023;qui;5;mai;21;Q2;Q3;2023;2023;P08
1699;26/05/2023;sex;5;mai;21;Q2;Q3;2023;2023;P08
1700;27/05/2023;sáb;5;mai;21;Q2;Q3;2023;2023;P08
1701;28/05/2023;dom;5;mai;22;Q2;Q3;2023;2023;P08
1702;29/05/2023;seg;5;mai;22;Q2;Q3;2023;2023;P08
1703;30/05/2023;ter;5;mai;22;Q2;Q3;2023;2023;P08
1704;31/05/2023;qua;5;mai;22;Q2;Q3;2023;2023;P08
1705;01/06/2023;qui;6;jun;22;Q2;Q3;2023;2023;P09
1706;02/06/2023;sex;6;jun;22;Q2;Q3;2023;2023;P09
1707;03/06/2023;sáb;6;jun;22;Q2;Q3;2023;2023;P09
1708;04/06/2023;dom;6;jun;23;Q2;Q3;2023;2023;P09
1709;05/06/2023;seg;6;jun;23;Q2;Q3;2023;2023;P09
1710;06/06/2023;ter;6;jun;23;Q2;Q3;2023;2023;P09
1711;07/06/2023;qua;6;jun;23;Q2;Q3;2023;2023;P09
1712;08/06/2023;qui;6;jun;23;Q2;Q3;2023;2023;P09
1713;09/06/2023;sex;6;jun;23;Q2;Q3;2023;2023;P09
1714;10/06/2023;sáb;6;jun;23;Q2;Q3;2023;2023;P09
1715;11/06/2023;dom;6;jun;24;Q2;Q3;2023;2023;P09
1716;12/06/2023;seg;6;jun;24;Q2;Q3;2023;2023;P09
1717;13/06/2023;ter;6;jun;24;Q2;Q3;2023;2023;P09
1718;14/06/2023;qua;6;jun;24;Q2;Q3;2023;2023;P09
1719;15/06/2023;qui;6;jun;24;Q2;Q3;2023;2023;P09
1720;16/06/2023;sex;6;jun;24;Q2;Q3;2023;2023;P09
1721;17/06/2023;sáb;6;jun;24;Q2;Q3;2023;2023;P09
1722;18/06/2023;dom;6;jun;25;Q2;Q3;2023;2023;P09
1723;19/06/2023;seg;6;jun;25;Q2;Q3;2023;2023;P09
1724;20/06/2023;ter;6;jun;25;Q2;Q3;2023;2023;P09
1725;21/06/2023;qua;6;jun;25;Q2;Q3;2023;2023;P09
1726;22/06/2023;qui;6;jun;25;Q2;Q3;2023;2023;P09
1727;23/06/2023;sex;6;jun;25;Q2;Q3;2023;2023;P09
1728;24/06/2023;sáb;6;jun;25;Q2;Q3;2023;2023;P09
1729;25/06/2023;dom;6;jun;26;Q2;Q3;2023;2023;P09
1730;26/06/2023;seg;6;jun;26;Q2;Q3;2023;2023;P09
1731;27/06/2023;ter;6;jun;26;Q2;Q3;2023;2023;P09
1732;28/06/2023;qua;6;jun;26;Q2;Q3;2023;2023;P09
1733;29/06/2023;qui;6;jun;26;Q2;Q3;2023;2023;P09
1734;30/06/2023;sex;6;jun;26;Q2;Q3;2023;2023;P09
1735;01/07/2023;sáb;7;jul;26;Q3;Q4;2023;2023;P10
1736;02/07/2023;dom;7;jul;27;Q3;Q4;2023;2023;P10
1737;03/07/2023;seg;7;jul;27;Q3;Q4;2023;2023;P10
1738;04/07/2023;ter;7;jul;27;Q3;Q4;2023;2023;P10
1739;05/07/2023;qua;7;jul;27;Q3;Q4;2023;2023;P10
1740;06/07/2023;qui;7;jul;27;Q3;Q4;2023;2023;P10
1741;07/07/2023;sex;7;jul;27;Q3;Q4;2023;2023;P10
1742;08/07/2023;sáb;7;jul;27;Q3;Q4;2023;2023;P10
1743;09/07/2023;dom;7;jul;28;Q3;Q4;2023;2023;P10
1744;10/07/2023;seg;7;jul;28;Q3;Q4;2023;2023;P10
1745;11/07/2023;ter;7;jul;28;Q3;Q4;2023;2023;P10
1746;12/07/2023;qua;7;jul;28;Q3;Q4;2023;2023;P10
1747;13/07/2023;qui;7;jul;28;Q3;Q4;2023;2023;P10
1748;14/07/2023;sex;7;jul;28;Q3;Q4;2023;2023;P10
1749;15/07/2023;sáb;7;jul;28;Q3;Q4;2023;2023;P10
1750;16/07/2023;dom;7;jul;29;Q3;Q4;2023;2023;P10
1751;17/07/2023;seg;7;jul;29;Q3;Q4;2023;2023;P10
1752;18/07/2023;ter;7;jul;29;Q3;Q4;2023;2023;P10
1753;19/07/2023;qua;7;jul;29;Q3;Q4;2023;2023;P10
1754;20/07/2023;qui;7;jul;29;Q3;Q4;2023;2023;P10
1755;21/07/2023;sex;7;jul;29;Q3;Q4;2023;2023;P10
1756;22/07/2023;sáb;7;jul;29;Q3;Q4;2023;2023;P10
1757;23/07/2023;dom;7;jul;30;Q3;Q4;2023;2023;P10
1758;24/07/2023;seg;7;jul;30;Q3;Q4;2023;2023;P10
1759;25/07/2023;ter;7;jul;30;Q3;Q4;2023;2023;P10
1760;26/07/2023;qua;7;jul;30;Q3;Q4;2023;2023;P10
1761;27/07/2023;qui;7;jul;30;Q3;Q4;2023;2023;P10
1762;28/07/2023;sex;7;jul;30;Q3;Q4;2023;2023;P10
1763;29/07/2023;sáb;7;jul;30;Q3;Q4;2023;2023;P10
1764;30/07/2023;dom;7;jul;31;Q3;Q4;2023;2023;P10
1765;31/07/2023;seg;7;jul;31;Q3;Q4;2023;2023;P10
1766;01/08/2023;ter;8;ago;31;Q3;Q4;2023;2023;P11
1767;02/08/2023;qua;8;ago;31;Q3;Q4;2023;2023;P11
1768;03/08/2023;qui;8;ago;31;Q3;Q4;2023;2023;P11
1769;04/08/2023;sex;8;ago;31;Q3;Q4;2023;2023;P11
1770;05/08/2023;sáb;8;ago;31;Q3;Q4;2023;2023;P11
1771;06/08/2023;dom;8;ago;32;Q3;Q4;2023;2023;P11
1772;07/08/2023;seg;8;ago;32;Q3;Q4;2023;2023;P11
1773;08/08/2023;ter;8;ago;32;Q3;Q4;2023;2023;P11
1774;09/08/2023;qua;8;ago;32;Q3;Q4;2023;2023;P11
1775;10/08/2023;qui;8;ago;32;Q3;Q4;2023;2023;P11
1776;11/08/2023;sex;8;ago;32;Q3;Q4;2023;2023;P11
1777;12/08/2023;sáb;8;ago;32;Q3;Q4;2023;2023;P11
1778;13/08/2023;dom;8;ago;33;Q3;Q4;2023;2023;P11
1779;14/08/2023;seg;8;ago;33;Q3;Q4;2023;2023;P11
1780;15/08/2023;ter;8;ago;33;Q3;Q4;2023;2023;P11
1781;16/08/2023;qua;8;ago;33;Q3;Q4;2023;2023;P11
1782;17/08/2023;qui;8;ago;33;Q3;Q4;2023;2023;P11
1783;18/08/2023;sex;8;ago;33;Q3;Q4;2023;2023;P11
1784;19/08/2023;sáb;8;ago;33;Q3;Q4;2023;2023;P11
1785;20/08/2023;dom;8;ago;34;Q3;Q4;2023;2023;P11
1786;21/08/2023;seg;8;ago;34;Q3;Q4;2023;2023;P11
1787;22/08/2023;ter;8;ago;34;Q3;Q4;2023;2023;P11
1788;23/08/2023;qua;8;ago;34;Q3;Q4;2023;2023;P11
1789;24/08/2023;qui;8;ago;34;Q3;Q4;2023;2023;P11
1790;25/08/2023;sex;8;ago;34;Q3;Q4;2023;2023;P11
1791;26/08/2023;sáb;8;ago;34;Q3;Q4;2023;2023;P11
1792;27/08/2023;dom;8;ago;35;Q3;Q4;2023;2023;P11
1793;28/08/2023;seg;8;ago;35;Q3;Q4;2023;2023;P11
1794;29/08/2023;ter;8;ago;35;Q3;Q4;2023;2023;P11
1795;30/08/2023;qua;8;ago;35;Q3;Q4;2023;2023;P11
1796;31/08/2023;qui;8;ago;35;Q3;Q4;2023;2023;P11
1797;01/09/2023;sex;9;set;35;Q3;Q4;2023;2023;P12
1798;02/09/2023;sáb;9;set;35;Q3;Q4;2023;2023;P12
1799;03/09/2023;dom;9;set;36;Q3;Q4;2023;2023;P12
1800;04/09/2023;seg;9;set;36;Q3;Q4;2023;2023;P12
1801;05/09/2023;ter;9;set;36;Q3;Q4;2023;2023;P12
1802;06/09/2023;qua;9;set;36;Q3;Q4;2023;2023;P12
1803;07/09/2023;qui;9;set;36;Q3;Q4;2023;2023;P12
1804;08/09/2023;sex;9;set;36;Q3;Q4;2023;2023;P12
1805;09/09/2023;sáb;9;set;36;Q3;Q4;2023;2023;P12
1806;10/09/2023;dom;9;set;37;Q3;Q4;2023;2023;P12
1807;11/09/2023;seg;9;set;37;Q3;Q4;2023;2023;P12
1808;12/09/2023;ter;9;set;37;Q3;Q4;2023;2023;P12
1809;13/09/2023;qua;9;set;37;Q3;Q4;2023;2023;P12
1810;14/09/2023;qui;9;set;37;Q3;Q4;2023;2023;P12
1811;15/09/2023;sex;9;set;37;Q3;Q4;2023;2023;P12
1812;16/09/2023;sáb;9;set;37;Q3;Q4;2023;2023;P12
1813;17/09/2023;dom;9;set;38;Q3;Q4;2023;2023;P12
1814;18/09/2023;seg;9;set;38;Q3;Q4;2023;2023;P12
1815;19/09/2023;ter;9;set;38;Q3;Q4;2023;2023;P12
1816;20/09/2023;qua;9;set;38;Q3;Q4;2023;2023;P12
1817;21/09/2023;qui;9;set;38;Q3;Q4;2023;2023;P12
1818;22/09/2023;sex;9;set;38;Q3;Q4;2023;2023;P12
1819;23/09/2023;sáb;9;set;38;Q3;Q4;2023;2023;P12
1820;24/09/2023;dom;9;set;39;Q3;Q4;2023;2023;P12
1821;25/09/2023;seg;9;set;39;Q3;Q4;2023;2023;P12
1822;26/09/2023;ter;9;set;39;Q3;Q4;2023;2023;P12
1823;27/09/2023;qua;9;set;39;Q3;Q4;2023;2023;P12
1824;28/09/2023;qui;9;set;39;Q3;Q4;2023;2023;P12
1825;29/09/2023;sex;9;set;39;Q3;Q4;2023;2023;P12
1826;30/09/2023;sáb;9;set;39;Q3;Q4;2023;2023;P12
